TotalAssets,Debt,Equity,ProfitBeforeTax,ProfitAfterTax,Profit_Others,Revenue_Gross,Revenue_Net,D,Ind,Gender,Position,YearBirth,Edu,Nationality,Stock_Num,Manager,Year_StartWork,BoardMember,R,Control,CHAIR,CEO,Duality,CEO1,IndCode,BSIZE,FOR_No,FOR,FOR_Ind_No,FOR_Ind,FOR_Org_No,FOR_Org,DOM_Ind_No,DOM_Ind,DOM_Org_No,DOM_Org,GOV
7.52917E+12,4.54892E+12,2.98025E+12,2.53984E+11,2.12149E+11,8299007917,8.01883E+12,8.01157E+12,HOSE,512,1,CTHĐQT,1976,2,1,0,0,2007,1,0,0,0,,0,0,512,5,17047169,9.957459924,0,0,12798124,7.48,0,0,79817140,46.62,0
7.98745E+12,4.73222E+12,3.25524E+12,5.97393E+11,4.91029E+11,6991821545,9.27825E+12,9.25807E+12,HOSE,512,1,CTHĐQT,1976,2,1,0,0,2007,1,0,0,0,,0,0,512,5,4289600,2.505607828,0,0,0,0,0,0,82305630,48.08,0
2.29959E+11,18279981958,2.11679E+11,11911379426,9591230681,1279259885,2.19917E+11,2.18264E+11,HOSE,501,1,CTHĐQT/GĐ,1959,2,1,1879885,1,1997,1,1,0,0,0,1,0,501,5,97631,0.982628201,0,0,0,0,3518091,35.01,0,0,0
2.27508E+11,16092542851,2.11415E+11,10265178848,8308840156,3164962244,2.25543E+11,2.16122E+11,HOSE,501,1,CTHĐQT/GĐ,1959,2,1,4879732,1,1997,1,1,0,0,0,1,0,501,5,125254,1.014497249,0,0,0,0,4879732,46.69,0,0,0
5.93245E+11,2.03497E+11,3.89748E+11,29506221751,23989962076,376198717,2.95585E+11,2.95585E+11,,,,,,,,,,,,,,,,,,,,,,,,,,,,,,
6.0088E+11,1.89985E+11,4.10895E+11,25932376637,21147090793,2498712563,2.96396E+11,2.96396E+11,,,,,,,,,,,,,,,,,,,,,,,,,,,,,,
3.90153E+11,1.91442E+11,1.98711E+11,47400463674,36765880123,-371175818,4.69406E+11,4.69406E+11,HNX,602,1,CTHĐQT,1960,1,1,3625000,0,2010,1,0,0,0,,0,0,602,6,0,0,0,0,0,0,4875000,39,0,0,0
5.88735E+11,2.15641E+11,3.73094E+11,39633079955,30804265918,-668913246,5.48359E+11,5.47472E+11,HNX,602,1,CTHĐQT,1960,1,1,9243750,0,2010,1,0,0,0,,0,0,602,6,8583936,26.93,0,0,0,0,12431250,39,0,0,0
5.80657E+11,2.10288E+11,3.70368E+11,37391553520,29574467704,-23790955,4.72414E+11,4.72414E+11,,,,,,,,,,,,,,,,,,602,,,,0,0,0,0,5760000,20,6800000,23.61,0
6.6335E+11,2.59923E+11,4.03428E+11,42328556226,33021177534,-825197558,7.90964E+11,7.90568E+11,HOSE,602,1,CTHĐQT,1973,0,1,5760000,0,2006,1,0,0,0,,0,1,602,5,,,0,0,0,0,5760000,20,6800000,23.61,0
5.35545E+11,1.15867E+11,4.19678E+11,73553941023,66728981488,-68542761,3.97684E+11,3.95938E+11,HOSE,501,1,CTHĐQT/TGĐ,1959,1,1,22040,1,1986,1,1,0,0,0,1,0,501,5,391882,2.777885091,0,0,0,0,1239756,10.78,9006029,78.33,0
5.38462E+11,1.2532E+11,4.13142E+11,50704721737,48695389251,-4082271629,3.6115E+11,3.6115E+11,HOSE,501,1,CTHĐQT,1959,1,1,22040,0,1986,1,0,0,0,,0,0,501,5,377036,2.672648101,0,0,0,0,1239756,10.78,9006029,78.33,0
,,,,,,,,HOSE,1001,1,CTHĐQT,1978,2,1,40036334,0,2002,1,0,0,0,,0,0,1001,8,386576321,30,0,0,217194808,16.85,0,0,0,0,0
,,,,,,,,HOSE,1001,1,CTHĐQT,1978,2,1,56978208,0,2002,1,0,0,0,,0,0,1001,8,498821183,29.99999999,0,0,115050462,6.87,0,0,0,0,0
3.67049E+11,1.3507E+11,2.31979E+11,42063502048,33274982048,238571093,3.80466E+11,3.80457E+11,HOSE,513,1,CTHĐQT,1971,1,1,30591,0,1997,1,0,0,0,,0,0,513,5,1929760,19.2976,0,0,0,0,0,0,7336704,73.37,0
4.9702E+11,2.48437E+11,2.48583E+11,57274742812,45862526564,4902156598,4.73661E+11,4.73638E+11,HOSE,513,1,CTHĐQT,0,0,1,0,0,,1,0,0,0,,0,0,513,5,2035700,20.357,0,0,0,0,4846704,48.47,2490000,24.9,0
1.34338E+12,7.84615E+11,5.58763E+11,2.5903E+11,2.304E+11,-981554805,1.69352E+12,1.68885E+12,HOSE,501,0,CTHĐQT/TGĐ,1971,1,1,11454523,1,2003,1,1,0,1,1,1,1,501,5,573089,2.513584075,0,0,0,0,11454523,50.24,0,0,0
1.46119E+12,7.94912E+11,6.66276E+11,1.57896E+11,1.41713E+11,-1923137812,1.42367E+12,1.41753E+12,HOSE,501,0,CTHĐQT/TGĐ,1971,1,1,11954523,1,2003,1,1,0,1,1,1,1,501,6,644668,2.827531533,0,0,0,0,11454523,50.24,0,0,0
5.69367E+11,1.40422E+11,4.28945E+11,-82841505096,-82841505096,-3153319942,19087166000,19087166000,HNX,202,1,CTHĐQT,1964,0,1,5003100,0,1996,1,0,0,0,,0,1,202,5,263816,0.517286275,0,0,0,0,5003100,9.81,0,0,0
5.80256E+11,1.51192E+11,4.29064E+11,587641757,119867986,-40010,14979600000,14979600000,HNX,202,1,CTHĐQT,1964,0,1,5003100,0,1996,1,0,0,0,,0,1,202,4,280516,0.550031373,0,0,0,0,5003100,9.81,0,0,0
1.17585E+11,64672192390,52912412408,13177638515,10000305931,1051399455,3.48974E+11,3.48974E+11,HNX,901,1,CTHĐQT,1969,1,1,315112,0,2007,1,0,0,0,,0,0,901,5,492994,16.11091503,0,0,0,0,531454,17.37,1144440,37.4,37.4
1.28972E+11,71276541967,57695864015,14621677928,11067512794,1248654639,3.78918E+11,3.78918E+11,HNX,901,1,CTHĐQT,1969,1,1,315112,0,2007,1,0,0,0,,0,0,901,5,458804,14.99359477,0,0,0,0,531454,17.37,1144440,37.4,37.4
1.20075E+11,33531053628,86543689258,25485337996,20106940906,-583420317,3.35125E+11,3.35125E+11,,,,,,,,,,,,,,,,,,1208,,,,0,0,0,0,0,0,0,0,
2.08783E+11,80471865948,1.28311E+11,51261506345,40671703006,-940488254,3.6264E+11,3.6264E+11,HOSE,1208,1,CTHĐQT/GĐ,1981,2,1,2224292,1,2008,1,1,0,0,0,1,0,1208,7,,,0,0,2479420,33.51,2224292,30.6,0,0,0
1.71291E+12,1.26093E+12,4.51976E+11,61508489620,56440342614,7586808629,1.83944E+12,1.83911E+12,HOSE,503,1,CTHĐQT/TGĐ,1955,1,1,4308730,1,2005,1,1,0,0,0,1,0,503,5,27181,0.106517799,0,0,0,0,6947396,27.3,2099923,8.2,0
1.73348E+12,1.33038E+12,4.03108E+11,9637465825,8282329120,2618742709,1.70514E+12,1.70514E+12,HOSE,503,1,CTHĐQT/TGĐ,1955,1,1,4308730,1,2005,1,1,0,0,0,1,0,503,6,22631,0.088687109,0,0,0,0,7226730,28.31,2099923,8.23,0
2.29106E+12,1.45171E+12,7.99106E+11,7.02177E+11,5.65802E+11,3.87728E+11,1.12659E+12,1.12541E+12,,,,,,,,,,,,,,,,,,405,,,,0,0,9000000,20,25992000,57.76,0,0,0
5.39891E+12,3.94546E+12,1.45345E+12,3.66863E+11,3.33228E+11,-6997140281,3.84627E+11,3.84627E+11,HOSE,405,1,CTHĐQT/TGĐ,1981,0,1,358800,1,2008,1,1,0,0,0,1,0,405,5,,,0,0,9082999,12.11,0,0,27000000,36,0
5.51853E+11,1.74599E+11,3.77255E+11,33168780527,27396300076,3325211596,2.07518E+12,2.07331E+12,HOSE,501,1,CTHĐQT,1961,1,1,102200,0,1982,1,0,0,0,,0,0,501,5,1489870,8.186098901,0,0,0,0,0,0,14563700,79.97,28.17
7.72062E+11,3.30699E+11,4.41364E+11,47345828019,40321068487,7829574593,2.12048E+12,2.11965E+12,HOSE,501,1,CTHĐQT,1961,1,1,102200,0,1982,1,0,0,0,,0,0,501,5,1489290,8.182912088,0,0,0,0,0,0,14563700,79.97,28.17
,,,,,,,,HOSE,1002,1,CTHĐQT,1978,1,1,0,0,2015,1,0,0,0,,0,0,1002,5,4112693,1.939949528,0,0,0,0,0,0,158836023,75.21,75.21
,,,,,,,,HOSE,1002,1,CTHĐQT,1978,1,1,0,0,2015,1,0,0,0,,0,0,1002,5,4400843,2.07586934,0,0,0,0,0,0,158836023,75.21,75.21
2.51119E+11,39573907599,2.11545E+11,8494407917,7494992753,-335179263,1.5683E+11,1.56506E+11,HNX,512,1,CTHĐQT,1953,1,1,578860,0,1989,1,0,0,0,,0,0,512,5,206268,3.341712943,0,0,0,0,1230273,21.44,2163982,37.71,13.25
2.45095E+11,29737382118,2.15357E+11,10279515524,8401309085,-8009847,2.02071E+11,2.01552E+11,HNX,512,1,CTHĐQT,1953,1,1,578860,0,1989,1,0,0,0,,0,0,512,5,203468,3.296350617,0,0,0,0,1230273,21.44,2163982,37.72,13.25
85953800125,39025814325,46927985800,11446045511,10789753017,-830289249,1.44586E+11,1.44586E+11,HNX,202,1,CTHĐQT,1970,1,1,7980,0,,1,0,0,0,,0,0,202,6,107900,3.785964912,0,0,0,0,0,0,1140000,40,40
92497660629,43166201350,49331459279,9645381204,9085934580,-369453366,1.39176E+11,1.39176E+11,HNX,202,1,CTHĐQT,1970,1,1,708000,0,,1,0,0,0,,0,0,202,5,131600,4.61754386,0,0,0,0,0,0,1140000,40,40
2.5599E+12,7.45818E+11,1.81408E+12,59426142134,47944164536,1134610588,2.57619E+12,2.57581E+12,HOSE,704,1,CTHĐQT/TGĐ,1975,1,1,200000,1,2010,1,1,0,0,0,1,0,704,4,966122,0.590882691,0,0,0,0,19408029,11.87,0,0,0
2.71946E+12,7.74683E+11,1.94477E+12,49321484223,34130261585,-945164703,2.23573E+12,2.23573E+12,HOSE,704,1,CTHĐQT,1975,1,1,200000,0,2010,1,0,0,0,,0,0,704,5,1758832,1.075706159,0,0,0,0,0,0,0,0,0
6.76552E+11,5.09502E+11,1.6705E+11,23482175376,18684194415,560324444,7.96016E+11,7.96016E+11,HNX,401,1,CTHĐQT,1963,2,1,500000,0,1997,1,0,0,0,,0,0,401,3,1291350,10.76125,0,0,0,0,865150,7.21,7860000,65.5,0
1.11036E+12,8.06045E+11,3.04316E+11,23986888781,19010025005,5254729968,1.00926E+12,1.00926E+12,HNX,401,1,CTHĐQT,1963,2,1,550000,0,1997,1,0,0,0,,0,0,401,3,1423495,5.648789683,0,0,0,0,1816815,7.21,16506210,65.5,0
6.51686E+11,81547409601,5.70138E+11,2.19663E+11,2.19476E+11,-544799314,4.50796E+11,4.50796E+11,HNX,601,0,CTHĐQT/GĐ,1956,1,1,2488600,1,,1,1,0,1,1,1,1,601,5,161160,0.594340927,0,0,0,0,10488600,38.68,0,0,0
8.71979E+11,80385767951,7.91593E+11,2.24676E+11,2.24345E+11,-10060564,4.87415E+11,4.87382E+11,HNX,601,0,CTHĐQT/GĐ,1956,1,1,5164340,1,,1,1,0,1,1,1,1,601,3,734298,1.934295162,0,0,0,0,5164340,13.6,0,0,0
3.42507E+12,1.57709E+12,1.84798E+12,6.9015E+11,6.04167E+11,558188502,4.1362E+12,4.11799E+12,HOSE,501,1,CTHĐQT/TGĐ,1954,1,1,61905000,1,2001,1,1,0,0,0,1,0,501,6,3748695,2.997885755,0,0,0,0,96104999,77.2,0,0,0
4.1346E+12,1.74854E+12,2.38606E+12,8.30504E+11,7.04044E+11,32895299075,4.51915E+12,4.48087E+12,HOSE,501,1,CTHĐQT/TGĐ,1954,1,1,61905000,1,2001,1,1,0,0,0,1,0,501,8,2028041,1.590126206,0,0,0,0,98824999,77.74,0,0,0
3.71228E+11,31256706937,3.39971E+11,93900741175,74399725541,-105691882,1.65892E+11,1.65892E+11,HOSE,105,0,CTHĐQT/TGĐ,1991,1,1,4026460,1,2014,1,1,0,1,1,1,1,105,5,1218414,10.13621843,0,0,0,0,4026460,34.11,2229827,18.89,0
1.02364E+12,4.25253E+11,5.98385E+11,70425439180,55970793838,-87259999,1.43324E+11,1.43324E+11,HOSE,105,0,CTHĐQT/TGĐ,1991,1,1,4026460,1,2014,1,1,0,1,1,1,1,105,5,1850474,15.39444611,0,0,0,0,8052920,40.02,4459654,22.16,0
,,,,,,,,HOSE,1002,1,CTHĐQT,1970,1,1,57500,0,2013,1,0,0,0,,0,0,1002,5,61460,0.454286749,0,0,0,0,1519500,11.23,3270430,19.59,0
,,,,,,,,HOSE,1002,1,CTHĐQT,1970,1,1,1600000,0,2013,1,0,0,0,,0,0,1002,5,399370,1.17362007,0,0,0,0,1911290,5.62,0,0,0
8.19126E+12,5.25774E+12,2.93352E+12,2.17956E+11,1.76121E+11,8352445286,8.03514E+12,8.02734E+12,,,,,,,,,,,,,,,,,,512,,,,0,0,14114880,11,110000000,85.73,0,0,0
9.988E+12,5.9249E+12,4.0631E+12,8.22288E+11,7.11738E+11,6750158828,9.53351E+12,9.5132E+12,HOSE,512,1,CTHĐQT,1976,2,1,4300000,0,2002,1,0,0,0,,0,0,512,7,,,0,0,14114880,9.91,29932991,21.02,52000000,36.52,0
1.71918E+12,1.25045E+12,4.68728E+11,61921976413,34786528971,-2839698186,8.28459E+11,8.28459E+11,HNX,405,1,CTHĐQT,1974,2,1,0,0,2006,1,0,0,0,,0,,405,6,16084121,44.1871456,0,0,13683000,38.65,3753800,10.6,0,0,0
2.45277E+12,1.95986E+12,4.9291E+11,40578542045,24181781362,72910289,4.516E+11,4.516E+11,HNX,405,1,CTHĐQT,1974,2,1,0,0,2006,1,0,0,0,,0,,405,6,16078421,44.17148626,0,0,14099300,39.83,3753800,10.6,0,0,0
76284965085,27919171230,48365793855,910071672,637856744,140603455,1.21494E+11,1.21058E+11,HNX,510,1,CTHĐQT,0,0,1,0,0,,1,0,0,0,,0,0,510,5,40083,0.865327884,0,0,0,0,2203899,47.55,0,0,0
1.03113E+11,54902691864,48210730152,531058437,22936297,990731534,2.58539E+11,2.57314E+11,HNX,510,1,CTHĐQT,0,0,1,0,0,,1,0,0,0,,0,0,510,5,50858,1.076443626,0,0,0,0,2247975,47.55,0,0,0
,,,,,,,,HNX,1002,1,CTHĐQT/TGĐ,1974,2,1,5436220,1,2006,1,1,0,0,0,1,0,1002,6,11173250,28.64935897,0,0,10632400,27.27,5436220,13.94,0,0,0
,,,,,,,,HNX,1002,1,CTHĐQT/TGĐ,1974,2,1,5436220,1,2006,1,1,0,0,0,1,0,1002,6,11694750,29.98653846,0,0,10632400,27.27,5436220,13.94,0,0,0
1.14823E+11,74679508735,40143805257,8567627549,6822023886,-17292290,1.81427E+11,1.81427E+11,HNX,601,1,CTHĐQT,0,0,1,648149,0,,1,0,0,0,,0,0,601,5,1520,0.058625238,0,0,0,0,797133,30.75,1071000,41.31,0
1.60702E+11,1.18936E+11,41765978913,9608248015,7489856045,-68389692,2.90381E+11,2.90381E+11,HNX,601,1,CTHĐQT,0,0,1,648149,0,,1,0,0,0,,0,0,601,5,1120,0.043197544,0,0,0,0,908149,35.02,1071000,41.31,0
,,,,,,,,HNX,1002,0,CTHĐQT,1987,0,1,500000,0,2018,1,0,0,1,,0,1,1002,5,934340,0.964007236,0,0,0,0,3156000,8.47,0,0,0
,,,,,,,,HNX,1002,0,CTHĐQT,1987,2,1,500000,0,2018,1,0,0,1,,0,1,1002,5,2138024,2.205910703,0,0,0,0,4856800,5.01,0,0,0
1.25118E+12,4.09992E+11,8.41189E+11,1.80704E+11,1.65037E+11,351616929,6.45871E+11,6.44237E+11,,,,,,,,,,,,,,,,,,808,,,,0,0,0,0,0,0,0,0,
1.41231E+12,3.66065E+11,1.04625E+12,1.79231E+11,1.56368E+11,-103537217,8.87143E+11,8.84519E+11,,,,,,,,,,,,,,,,,,808,,,,0,0,0,0,0,0,12011485,24.87,0
1.19755E+13,6.23807E+12,5.73739E+12,1.31553E+12,1.19788E+12,4.64635E+11,8.96061E+12,8.88713E+12,HOSE,102,1,CTHĐQT/TGĐ,1958,1,1,46716344,1,1997,1,1,0,0,0,1,0,102,9,2325216,0.961095759,0,0,0,0,102549397,42.39,0,0,0
1.55963E+13,9.29444E+12,6.30187E+12,8.71739E+11,8.23348E+11,65501609502,1.44098E+13,1.42238E+13,HOSE,102,0,CTHĐQT,1985,2,1,13808375,0,2010,1,0,0,1,,0,0,102,5,3890436,1.502865657,0,0,0,0,119708291,46.24,0,0,0
1.57118E+12,1.08976E+12,4.81415E+11,67618036414,55032915093,9705887530,2.7788E+12,2.64193E+12,HOSE,302,1,CTHĐQT/TGĐ,1957,1,1,2188100,1,2004,1,1,0,0,0,1,0,302,5,18263743,48.9120989,0,0,17998426,48.2,2188100,5.86,0,0,0
1.62701E+12,1.13173E+12,4.95274E+11,61014327030,40045799500,19772067209,2.70638E+12,2.55835E+12,HOSE,302,1,CTHĐQT/TGĐ,1957,1,1,2188100,1,2004,1,1,0,0,0,1,0,302,5,18296563,48.99999408,0,0,17998426,48.2,2188100,5.86,0,0,0
6.66066E+11,1.11128E+11,5.54938E+11,2.03751E+11,1.63251E+11,1882661142,8.64929E+11,8.64927E+11,HOSE,710,1,CTHĐQT,1976,2,1,100000,0,2017,1,0,0,0,,0,0,710,5,10308040,28.63344444,0,0,3600000,10,0,0,23100000,64.17,0
8.73709E+11,2.29639E+11,6.44071E+11,2.63156E+11,2.12369E+11,4603910058,1.14099E+12,1.14099E+12,HOSE,710,1,CTHĐQT,1976,2,1,125000,0,2017,1,0,0,0,,0,0,710,7,20629734,45.84385333,0,0,11698173,26,0,0,22950000,51,0
,,,,,,,,,202,1,CTHĐQT,1952,1,1,1211940,0,2005,1,0,0,0,,0,1,202,3,414400,2.722733246,0,0,0,0,1211940,7.96,0,0,0
,,,,,,,,,202,1,CTHĐQT,1952,1,1,1211929,0,2005,1,0,0,0,,0,1,202,5,375430,2.466688568,0,0,0,0,3157920,20.74,0,0,0
62385461648,20285271233,42100190415,598704610,397989142,-401197487,45454895234,45454895234,HNX,1802,1,CTHĐQT/GĐ,1971,1,1,678800,1,2014,1,1,0,0,0,1,0,1802,5,300,0.008571429,0,0,0,0,1738600,49.66,0,0,0
51516142578,9375432060,42140710518,50650129,40520103,-4826734971,39769396473,39769396473,HNX,1802,1,CTHĐQT/GĐ,1971,1,1,678800,1,2014,1,1,0,0,0,1,0,1802,5,200,0.005714286,0,0,0,0,1561300,44.6,0,0,0
,,,,,,,,HNX,1001,0,CTHĐQT,1958,1,1,17490000,0,2000,1,0,0,1,,0,1,1001,5,,,0,0,0,0,0,0,0,0,
,,,,,,,,HNX,1001,0,CTHĐQT,1958,1,1,20670000,0,2000,1,0,0,1,,0,1,1001,5,,,0,0,0,0,0,0,0,0,
6.38879E+11,5.07159E+11,1.3172E+11,26171878345,23068344901,3675846574,68369463986,68369463986,HNX,404,1,CTHĐQT,1976,1,1,0,0,2018,1,0,0,0,,0,0,404,6,0,0,0,0,0,0,530480,6.47,5334360,65.05,0
8.90662E+11,7.0952E+11,1.81142E+11,1.02918E+11,85024748660,1958585203,1.83775E+11,1.83775E+11,HNX,404,1,CTHĐQT,1976,1,1,0,0,2018,1,0,0,0,,0,0,404,6,145300,1.77195122,0,0,0,0,530480,6.47,5334360,65.05,0
1.25464E+12,3.37075E+11,9.17562E+11,1.33523E+11,1.09523E+11,6730445168,1.43407E+12,1.42186E+12,HOSE,501,1,CTHĐQT/TGĐ,1964,1,1,2000,1,2003,1,1,0,0,0,1,0,501,5,7440902,48.25242974,0,0,6789730,44.03,0,0,7720577,50.06,0
1.57045E+12,5.66571E+11,1.00388E+12,1.20542E+11,95434359560,10462778292,1.51382E+12,1.50356E+12,HOSE,501,1,CTHĐQT/TGĐ,1964,1,1,2000,1,2003,1,1,0,0,0,1,0,501,5,7254652,47.04464404,0,0,6789730,44.03,0,0,7720577,50.07,0
4.2783E+11,3.23313E+11,1.04517E+11,6348054393,4974795187,-287483,4.83242E+11,4.83242E+11,HNX,508,1,CTHĐQT,1970,1,1,0,0,2018,1,0,0,0,,0,0,508,5,24560,0.409333333,0,0,0,0,1498929,24.98,2057666,34.29,34.29
4.2868E+11,3.23354E+11,1.05326E+11,7063941008,5608509307,-31362490,4.53577E+11,4.53577E+11,HNX,508,1,CTHĐQT,1970,1,1,0,0,2018,1,0,0,0,,0,0,508,5,25058,0.417633333,0,0,0,0,1498929,24.98,2057666,34.29,34.29
4.55122E+12,2.66945E+12,1.88177E+12,1.12362E+11,88354458429,-6797224107,3.68058E+12,3.67851E+12,HNX,513,1,CTHĐQT,1972,1,1,0,0,2018,1,0,0,0,,0,0,513,5,5921883,5.38303799,0,0,0,0,0,0,80467871,73.14,73.14
4.53893E+12,2.53229E+12,2.00664E+12,1.63033E+11,1.23198E+11,-12442475945,3.82694E+12,3.82601E+12,HNX,513,1,CTHĐQT,1972,1,1,0,0,2018,1,0,0,0,,0,0,513,5,4963486,4.511847617,0,0,0,0,0,0,80467871,73.15,73.15
1.29227E+12,9.26218E+11,3.6605E+11,46288531590,37017300369,8221732968,3.41837E+11,3.41837E+11,HOSE,405,1,CTHĐQT,1959,1,1,0,0,,1,0,0,0,,0,0,405,5,2103470,7.011566667,0,0,0,0,0,0,15547258,51.82,0
8.56099E+11,4.89211E+11,3.66888E+11,44819458819,37176055341,1061146445,6.33046E+11,6.30952E+11,HOSE,405,1,CTHĐQT,1970,0,1,10025,0,2005,1,0,0,0,,0,0,405,5,1685870,5.619566667,0,0,0,0,0,0,15547258,51.82,0
2.80377E+11,93006764306,1.8737E+11,48607740426,38802932993,654755700,4.99471E+11,4.89591E+11,HNX,501,1,CTHĐQT/TGĐ,1953,1,1,2433708,1,2003,1,1,0,0,0,1,0,501,6,,,0,0,0,0,26934232,60,0,0,0
3.16727E+11,92697838724,2.24029E+11,82282040901,64875319728,-2798423375,5.38991E+11,5.30415E+11,HNX,501,1,CTHĐQT/TGĐ,1953,1,1,2604067,1,2003,1,1,0,0,0,1,0,501,7,,,0,0,0,0,10614107,57.89,0,0,0
5.32063E+12,3.91291E+12,1.40771E+12,35602124725,11326171260,-5438903552,1.11409E+12,1.11332E+12,HOSE,402,1,CTHĐQT,1978,2,1,10916610,0,2013,1,0,0,0,,0,0,402,8,22246543,20.59755239,0,0,7549166,6.99,10916610,10.11,0,0,0
7.25464E+12,5.63012E+12,1.62453E+12,1.92334E+11,1.40522E+11,2805084247,1.57588E+12,1.57588E+12,HOSE,402,1,CTHĐQT,1978,2,1,21920020,0,2013,1,0,0,0,,0,0,402,7,21432243,19.84361112,0,0,20437386,18.92,29130930,26.98,0,0,0
4.51837E+13,3.16531E+13,1.35306E+13,2.63388E+12,2.37652E+12,17189113663,8.62473E+12,6.4954E+12,HOSE,404,1,CTHĐQT,1959,1,1,9000,0,1996,1,0,0,0,,0,0,404,5,,,0,0,0,0,0,0,987772863,97.55,97.55
4.35156E+13,2.77655E+13,1.57501E+13,2.98109E+12,2.63089E+12,84727429975,9.25153E+12,8.21344E+12,HOSE,404,1,CTHĐQT,1959,1,1,6009000,0,1996,1,0,0,0,,0,0,404,5,21100,0.002038647,0,0,0,0,0,0,987804800,95.44,95.44
15888171798,3190620356,12697551442,895938000,707042390,299048309,43727683464,43721389739,HNX,901,1,CTHĐQT,1971,1,1,0,0,2013,1,0,0,0,,0,0,901,5,0,0,0,0,0,0,0,0,452523,40.17,40.17
16955048458,3962262172,12992786286,1382006994,1090073291,547986479,50343569623,50341092973,HNX,901,1,CTHĐQT,0,0,1,0,0,,1,0,0,0,,0,0,901,5,0,0,0,0,0,0,0,0,452523,40.17,40.17
71987609590,10044244465,61943365125,35469360792,28370729807,26053393133,83380987814,83195926473,HNX,901,1,CTHĐQT/GĐ,1955,1,1,714395,1,2004,1,1,0,0,0,1,0,901,5,0,0,0,0,0,0,2470665,82.35,0,0,0
50602348561,9587611013,41014737548,9064040529,7221372423,258881474,88829699193,88729825929,HNX,901,1,CTHĐQT/GĐ,1955,1,1,714395,1,2004,1,1,0,0,0,1,0,901,5,0,0,0,0,0,0,2677965,89.26,0,0,0
3.7175E+12,2.52866E+12,1.18884E+12,3.12412E+11,2.533E+11,19909717580,6.50045E+12,6.38189E+12,HOSE,511,1,CTHĐQT,1965,1,1,0,0,2015,1,0,0,0,,0,0,511,5,7982908,13.96394657,0,0,0,0,0,0,37159200,65,65
3.33753E+12,2.18409E+12,1.15344E+12,1.36679E+11,99254487723,18906949832,6.22849E+12,6.13243E+12,HOSE,511,1,CTHĐQT,1965,1,1,0,0,2015,1,0,0,0,,0,0,511,5,7742508,13.54343155,0,0,0,0,0,0,37159200,65,65
9.20285E+12,4.27209E+12,4.93076E+12,6.26452E+11,4.84333E+11,15147134624,9.17775E+12,9.10027E+12,HOSE,502,1,CTHĐQT,1969,2,1,6900,0,2007,1,0,0,0,,0,0,502,3,40808200,17.60491803,0,0,40198200,17.34,0,0,189592400,81.79,81.79
7.77218E+12,2.59061E+12,5.18156E+12,6.69523E+11,5.23128E+11,18989862647,9.40506E+12,9.33521E+12,HOSE,502,1,CTHĐQT,1969,2,1,6900,0,2007,1,0,0,0,,0,0,502,5,40833320,17.61575496,0,0,40198200,17.34,0,0,189592400,81.79,81.79
,,,,,,,,HOSE,1003,1,Quyền CTHĐQT,1945,0,0,,0,,1,0,0,0,,0,0,1003,6,55723169,47.51419195,0,0,41046913,35,0,0,59819259,51,0
,,,,,,,,HOSE,1003,1,CTHĐQT,1965,0,1,0,0,,1,0,0,0,,0,0,1003,9,55817409,47.59454878,0,0,41046913,35,0,0,59819259,51.01,0
,,,,,,,,HOSE,1001,1,CTHĐQT,1964,2,1,43513,0,1998,1,0,0,0,,0,,1001,8,103371382,3.023690828,0,0,0,0,0,0,3257324161,95.28,95.28
,,,,,,,,HOSE,1001,1,CTHĐQT,1964,1,1,43513,0,1998,1,0,0,0,,0,,1001,8,725069513,18.02750524,0,0,603302706,15,0,0,3257324161,80.99,80.99
8.1025E+11,1.93637E+11,6.16613E+11,6286124105,2855181761,-16367140666,77084314898,77005509935,HNX,404,1,CTHĐQT,1967,1,1,6773690,0,2008,1,0,0,0,,0,0,404,5,1932310,3.350052011,0,0,0,0,14815230,25.66,0,0,0
7.31188E+11,2.12522E+11,5.18666E+11,-97946847325,-97946847325,-4039520462,25496335364,25492394574,HNX,404,1,CTHĐQT,1967,1,1,6773690,0,2008,1,0,0,0,,0,0,404,5,3263818,5.658491678,0,0,0,0,19018090,32.96,0,0,0
2.95358E+11,1.53203E+11,1.42155E+11,-4797221551,-8996192491,3930512883,1.80631E+11,1.80631E+11,HNX,202,1,CTHĐQT,1978,1,1,0,0,2013,1,0,0,0,,0,0,202,5,17505,0.149134483,0,0,0,0,1503111,12.81,0,0,0
3.61473E+11,2.06545E+11,1.54928E+11,16732561187,12773189988,12140531708,2.35186E+11,2.35186E+11,HNX,202,1,CTHĐQT,1978,1,1,0,0,2013,1,0,0,0,,0,0,202,5,14805,0.126131735,0,0,0,0,1503111,12.81,5063745,43.14,0
4.14104E+11,76545093763,3.37559E+11,12141653054,9795032388,-467128299,4.06227E+11,4.06227E+11,,,,,,,,,,,,,,,,,,507,,,,0,0,0,0,0,0,0,0,
4.08616E+11,51240804787,3.57375E+11,22648865404,19815777103,355760597,4.22706E+11,4.22706E+11,,,,,,,,,,,,,,,,,,507,,,,0,0,0,0,0,0,0,0,
5.44146E+11,4.01361E+11,1.42786E+11,1133940774,946241454,-1841128531,4.94215E+11,4.92198E+11,HNX,501,0,CTHĐQT,1959,1,1,1102530,0,2001,1,0,0,1,,0,0,501,5,443020,4.219238095,0,0,0,0,6102530,58.12,0,0,0
5.24999E+11,3.67073E+11,1.57925E+11,5967926289,5149931175,425443776,6.10709E+11,6.07265E+11,HNX,501,0,CTHĐQT,1959,1,1,1102530,0,2001,1,0,0,1,,0,0,501,5,273620,2.379304348,0,0,0,0,6102530,58.12,0,0,0
2.4517E+11,48982599544,1.96187E+11,16873450906,13467380500,332261887,1.32239E+11,1.32239E+11,HOSE,202,1,CTHĐQT/TGĐ,1962,1,1,63351,1,1995,1,1,0,0,0,1,0,202,5,1737843,14.02319766,0,0,0,0,0,0,5888196,47.51,47.51
2.21022E+11,20152054479,2.0087E+11,20964517224,16078743736,1063929613,1.91005E+11,1.91005E+11,HOSE,202,1,CTHĐQT/TGĐ,1962,1,1,63351,1,1995,1,1,0,0,0,1,0,202,5,2325522,18.76536296,0,0,0,0,0,0,5888196,47.51,47.51
,,,,,,,,HOSE,1003,1,CTHĐQT,1968,1,1,11280,0,2006,1,0,0,0,,0,0,1003,7,38987325,42.67717802,0,0,20372346,22.3,0,0,46317348,50.7,50.7
,,,,,,,,HOSE,1003,1,CTHĐQT,1968,1,1,9413,0,2006,1,0,0,0,,0,0,1003,7,34264346,37.50720507,0,0,20372346,22.3,0,0,46317348,50.7,50.7
2.8122E+12,3.58546E+11,2.45365E+12,5.29921E+11,4.2761E+11,867359409,4.12997E+12,3.91964E+12,HOSE,512,1,CTHĐQT,1967,2,0,0,0,2018,1,0,0,0,,0,0,512,5,62914914,76.85584302,0,0,51142923,62.47,0,0,0,0,0
2.84991E+12,3.80624E+11,2.46928E+12,5.29277E+11,4.22766E+11,681897038,4.34295E+12,4.33734E+12,HOSE,512,1,CTHĐQT,1967,2,0,0,0,2018,1,0,0,0,,0,0,512,5,65916985,80.52312447,0,0,49264563,60.18,0,0,0,0,0
1.57984E+11,50131132284,1.07853E+11,20685037141,16497643465,-406900741,1.69865E+11,1.68543E+11,,,,,,,,,,,,,,,,,,501,,,,0,0,0,0,0,0,0,0,
1.84659E+11,62267950529,1.22391E+11,14805901309,11638878685,-312931256,2.53888E+11,2.51955E+11,,,,,,,,,,,,,,,,,,501,,,,0,0,0,0,0,0,0,0,
2.18836E+11,1.20414E+11,98421337369,7172824304,5685104590,102239171,3.15939E+11,3.15927E+11,HNX,508,1,CTHĐQT,1962,0,1,0,0,1986,1,0,0,0,,0,0,508,5,89670,2.359736842,0,0,0,0,0,0,1862000,49,49
2.23631E+11,1.25658E+11,97973732960,6610411053,5237500181,638045629,2.82011E+11,2.81982E+11,HNX,508,1,CTHĐQT,1962,0,1,350,0,1986,1,0,0,0,,0,0,508,5,73470,1.933421053,0,0,0,0,0,0,1862000,49,49
2.66491E+11,67101066751,1.9939E+11,21260026850,16980997288,-62429754,2.32987E+11,2.32974E+11,HOSE,512,1,CTHĐQT,1974,2,1,0,0,2017,1,0,0,0,,0,0,512,4,38790,0.313454621,0,0,0,0,0,0,10813236,87.39,19.86
2.68985E+11,65140980238,2.03844E+11,24615416869,19576492593,132840825,2.6993E+11,2.69908E+11,HOSE,512,1,CTHĐQT,1960,1,1,0,0,2019,1,0,0,0,,0,0,512,5,54310,0.438868793,0,0,0,0,0,0,10813236,87.39,19.86
46487800039,7703653569,38784146470,1296819422,670624135,55853306,26712808742,26712808742,HNX,811,0,CTHĐQT,1983,1,1,0,0,2015,1,0,0,1,,0,0,811,5,152000,4.824252788,0,0,0,0,0,0,2757797,87.52,47.11
43696582841,5656204010,38040378831,924506025,326260154,-466584709,24375092209,24375092209,HNX,811,0,CTHĐQT,1983,1,1,0,0,2015,1,0,0,1,,0,0,811,5,152000,4.824252788,0,0,0,0,0,0,2757797,87.52,47.11
,,,,,,,,HOSE,1002,1,CTHĐQT,1975,2,1,0,0,2014,1,0,0,0,,0,0,1002,4,10195835,9.187618458,0,0,7908998,7.13,0,0,88708218,79.94,0
,,,,,,,,HOSE,1002,1,CTHĐQT,1968,2,1,0,0,2019,1,0,0,0,,0,0,1002,4,10619292,8.699340718,0,0,8699897,7.13,0,0,97579039,79.94,0
20640123150,6707245220,13932877930,1743535179,1391025976,30238694,52669001732,52413926392,HNX,901,1,CTHĐQT/GĐ,1954,1,1,9062,1,1980,1,1,0,0,0,1,0,901,6,11200,1.018181818,0,0,0,0,57238,5.2,440000,40,40
18245119277,4281097592,13964021685,1703288300,1362823801,30775866,57475178644,57013588875,HNX,901,1,CTHĐQT,1954,1,1,9062,0,1980,1,0,0,0,,0,0,901,5,11500,1.045454545,0,0,0,0,57238,5.2,440000,40,40
1.88951E+12,8.01416E+11,1.08809E+12,1.69945E+11,1.37305E+11,229798572,1.10705E+12,1.10705E+12,HOSE,301,1,CTHĐQT,1960,1,1,0,0,1995,1,0,0,0,,0,0,301,5,5817330,9.617710662,0,0,0,0,0,0,48123557,79.56,0
1.99747E+12,7.70164E+11,1.2273E+12,2.23887E+11,1.82423E+11,126371020,1.89482E+12,1.89482E+12,HOSE,301,1,CTHĐQT,1960,1,1,0,0,1995,1,0,0,0,,0,,301,5,5745710,9.499302313,0,0,0,0,0,0,48123557,79.56,0
3.53152E+12,2.17882E+12,1.3527E+12,42472699104,20724576806,3686978075,3.0845E+12,3.0845E+12,HNX,513,1,CTHĐQT,1970,1,1,1705,0,1995,1,0,0,0,,0,0,513,5,152227,0.126896261,0,0,0,0,0,0,108581052,90.5,79.51
3.50851E+12,2.09823E+12,1.41028E+12,76804132741,58337660708,2794585564,3.2533E+12,3.2533E+12,HNX,513,1,CTHĐQT,1970,1,1,1705,0,1995,1,0,0,0,,0,0,513,5,145627,0.121394509,0,0,0,0,0,0,108581052,90.51,79.51
4.90749E+11,1.56656E+11,3.34093E+11,66105508494,52656263312,4248861492,3.53862E+11,3.53862E+11,HOSE,710,1,CTHĐQT,1965,1,1,60634,0,,1,0,0,0,,0,0,710,5,8714,0.064548148,0,0,0,0,774585,5.74,8467072,62.72,41.39
5.35644E+11,1.6993E+11,3.65714E+11,67204211873,53596296066,1794597576,3.1892E+11,3.1892E+11,HOSE,710,1,CTHĐQT,1969,1,1,0,0,,1,0,0,0,,0,0,710,5,10343,0.076614815,0,0,0,0,774585,5.74,8626652,63.9,0
2.61657E+11,94560863662,1.67096E+11,27034025780,22064698245,1096494498,4.55557E+11,4.55557E+11,HNX,303,0,CTHĐQT,1968,1,1,1400,0,2004,1,0,0,1,,0,0,303,6,1860689,19.87915598,0,0,1812689,19.37,0,0,5910700,63.15,53.15
2.76655E+11,90668289812,1.85987E+11,39703868907,32377884446,-3256297188,4.67526E+11,4.67526E+11,HNX,303,0,CTHĐQT,1968,1,1,1400,0,2004,1,0,0,1,,0,0,303,6,1933789,20.66013889,0,0,1867089,20.08,0,0,5910700,63.15,53.15
,,,,,,,,HOSE,1003,1,CTHĐQT,1974,2,1,55045,0,2014,1,0,0,0,,0,0,1003,9,173601599,24.76886277,0,0,122509091,17.48,0,0,504664200,72,72
,,,,,,,,HOSE,1003,1,CTHĐQT,1974,2,1,55045,0,2014,1,0,0,0,,0,0,1003,8,232132867,31.27115027,0,0,163945421,22.09,0,0,482509800,65,65
,,,,,,,,HNX,1002,1,CTHĐQT,1969,2,1,26,0,2017,1,0,0,0,,0,0,1002,5,21357972,29.56778058,0,0,4290696,5.94,0,0,43281193,59.9,0
,,,,,,,,HNX,1002,1,CTHĐQT,1969,1,1,26,0,2017,1,0,0,0,,0,0,1002,6,20231252,28.00795975,0,0,3628300,5.02,0,0,43281193,59.9,0
1.3778E+13,9.65161E+12,4.12637E+12,3.62393E+11,3.25004E+11,16264536972,2.19752E+12,2.19752E+12,HOSE,303,1,CTHĐQT,1957,2,1,1891010,0,1990,1,0,0,0,,0,0,303,7,206870,0.137913333,0,0,0,0,0,0,119250000,79.5,0
6.20748E+12,4.00772E+12,2.19976E+12,5.39965E+11,4.76245E+11,-10561057260,2.54596E+12,2.54568E+12,HOSE,303,1,CTHĐQT,1957,2,1,4118340,0,1990,1,0,0,0,,0,0,303,7,15043810,10.02920667,0,0,0,0,0,0,95250000,63.5,0
1.35539E+11,79039320579,56499660107,3074957906,2401277180,873713419,2.31582E+11,2.31582E+11,HNX,508,1,CTHĐQT,1972,0,1,3701,0,2015,1,0,0,0,,0,0,508,5,0,0,0,0,0,0,0,0,2018850,67.03,48.99
1.385E+11,80922161972,57577729699,4917793021,3479346774,132174138,2.27676E+11,2.27676E+11,HNX,508,1,CTHĐQT,1972,1,1,3701,0,2015,1,0,0,0,,0,0,508,5,0,0,0,0,0,0,0,0,2018850,67.03,48.99
7.82679E+11,2.91091E+11,4.91588E+11,1.15144E+11,92446286949,1073707945,7.22333E+11,7.22333E+11,HOSE,202,1,CTHĐQT/TGĐ,1963,1,1,347782,1,1995,1,1,0,0,0,1,0,202,5,4561235,30.34724549,1222064,8.13,2347025,15.61,0,0,0,0,0
8.95556E+11,3.83722E+11,5.11834E+11,91959742025,75819061459,10950424009,8.02278E+11,8.02113E+11,HOSE,202,1,CTHĐQT/TGĐ,1963,1,1,347782,1,1995,1,1,0,0,0,1,0,202,5,4597478,30.58838088,1140134,7.59,2991245,19.9,0,0,1785101,11.87,0
2.16429E+12,1.84117E+12,3.23118E+11,55892048424,43168686883,19682561243,8.92704E+11,8.92704E+11,HOSE,402,1,CTHĐQT,1954,1,1,2359127,0,1978,1,0,0,0,,0,0,402,5,43752,0.257060316,0,0,0,0,4301917,25.27,0,0,0
1.92015E+12,1.63145E+12,2.88699E+11,7457534684,3539314002,22304560240,8.9462E+11,8.9462E+11,HOSE,402,1,CTHĐQT,1954,1,1,2359127,0,1978,1,0,0,0,,0,0,402,5,42050,0.247060393,0,0,0,0,2359127,13.86,0,0,0
2.29075E+11,1.228E+11,1.06276E+11,6575632446,5207501847,812118367,1.9929E+11,1.99264E+11,HNX,401,1,CTHĐQT,1969,1,1,3100000,0,1995,1,0,0,0,,0,0,401,5,9900,0.099,0,0,0,0,4150000,41.5,0,0,0
3.45392E+11,1.89196E+11,1.56196E+11,6440431741,4920455050,459301453,3.87317E+11,3.87317E+11,HNX,401,1,CTHĐQT,1969,1,1,2000000,0,1995,1,0,0,0,,0,0,401,5,1000,0.006666667,0,0,0,0,3050000,20.33,0,0,0
2.95951E+11,2.31598E+11,64353108287,527556411,336266365,1212585533,1.57981E+11,1.57981E+11,HNX,402,1,CTHĐQT/GĐ Điều hành,1974,2,1,3815978,1,2007,1,1,0,0,0,1,0,402,4,20480,0.385475407,0,0,0,0,4695978,88.38,0,0,0
3.4332E+11,2.84306E+11,59013535184,-5121620077,-5123902461,89830650,86208997952,86208997952,HNX,402,1,CTHĐQT/GĐ,1974,2,1,3815978,1,2007,1,1,0,0,0,1,0,402,4,20480,0.385475407,0,0,0,0,3815978,71.82,0,0,0
1.51942E+11,6200032236,1.45742E+11,4050269399,3187107886,-5206728,66332377000,66332377000,HNX,808,1,CTHĐQT,1970,2,1,0,0,2016,1,0,0,0,,0,0,808,7,0,0,0,0,0,0,700000,5.07,10388300,75.28,52.98
1.52628E+11,5780545663,1.46847E+11,5215939363,4128722587,28561680,69635598914,69635598914,HNX,808,1,CTHĐQT,1970,2,1,0,0,2016,1,0,0,0,,0,0,808,7,0,0,0,0,0,0,700000,5.07,10388300,75.28,52.98
2.423E+11,1.34385E+11,1.07915E+11,-843482533,-2421459105,1378562447,4.79343E+11,4.76651E+11,HNX,501,1,CTHĐQT,1969,1,1,16500,0,1999,1,0,0,0,,0,0,501,7,1219520,24.3904,0,0,395500,7.91,1025510,20.5,0,0,0
2.93395E+11,1.73368E+11,1.20028E+11,16602114090,14612478902,2747595337,5.79536E+11,5.74851E+11,HNX,501,1,CTHĐQT,1969,1,1,16500,0,1999,1,0,0,0,,0,0,501,7,1219720,24.3944,0,0,395500,7.91,1025510,20.5,0,0,0
1.19956E+11,43016986009,76938771223,40576112833,34639603043,-73348865,3.88637E+11,3.88637E+11,HNX,508,1,CTHĐQT,1957,1,1,313563,0,1998,1,0,0,0,,0,0,508,5,111017,2.332246799,0,0,0,0,876363,18.4,0,0,0
,,,,,,,,HNX,508,1,CTHĐQT,1959,1,1,232348,0,1998,1,0,0,0,,0,1,508,5,108067,2.063913776,0,0,0,0,963999,18.41,0,0,0
3.48483E+12,2.01407E+12,1.47075E+12,5.30566E+11,4.15145E+11,10404001756,8.67137E+12,8.54604E+12,HOSE,518,1,CTHĐQT,1984,1,1,0,0,2016,1,0,0,0,,0,0,518,7,106258,0.184475694,0,0,0,0,0,0,52787468,91.64,0
4.05508E+12,2.4568E+12,1.59828E+12,6.27247E+11,4.93771E+11,7406330385,9.15356E+12,9.03033E+12,HOSE,518,1,CTHĐQT,1984,1,1,0,0,2016,1,0,0,0,,0,0,518,5,139468,0.242131944,0,0,0,0,0,0,54043245,93.82,0
6.88254E+11,4.17663E+11,2.70591E+11,36924228521,29252584939,-1461892298,3.98488E+11,3.98488E+11,HOSE,707,1,CTHĐQT/TGĐ,1957,1,1,151870,1,2002,1,1,0,0,0,1,0,707,5,637850,3.594763599,0,0,0,0,0,0,7678125,43.26,25.67
6.9105E+11,4.18291E+11,2.72759E+11,37287506418,29608090969,31840625,3.84577E+11,3.84577E+11,HOSE,707,1,CTHĐQT,1957,1,1,151870,0,2002,1,0,0,0,,0,0,707,5,458730,2.585287929,0,0,0,0,0,0,7678125,43.26,25.67
8.01953E+11,2.6564E+11,5.36313E+11,40123435675,32225527275,-107190634,3.34573E+11,3.29943E+11,HOSE,404,1,CTHĐQT/GĐ,1960,1,1,3360000,1,2007,1,1,0,0,0,1,0,404,5,2408931,5.071445962,0,0,0,0,11362100,23.91,0,0,0
9.3596E+11,3.9433E+11,5.4163E+11,51880683257,42200953567,-148758507,5.28775E+11,5.28775E+11,HOSE,404,1,CTHĐQT/TGĐ,1960,1,1,5360000,1,2007,1,1,0,0,0,1,0,404,4,2467481,5.194709419,0,0,0,0,13362100,28.12,0,0,0
1.02531E+12,7.46454E+11,2.78859E+11,39707376363,33834869118,10446475069,4.36679E+11,4.36679E+11,HOSE,405,1,CTHĐQT,1967,2,1,870273,0,1999,1,0,0,0,,0,0,405,5,56379,0.358955448,0,0,0,0,2763746,17.59,3733348,23.77,0
8.50919E+11,5.65045E+11,2.85874E+11,42562733383,33980443155,5220071793,4.73897E+11,4.73897E+11,HOSE,405,1,CTHĐQT,1967,2,1,870273,0,1999,1,0,0,0,,0,0,405,5,52936,0.337034456,0,0,0,0,2763746,18,3733348,24,0
1.6264E+12,4.01877E+11,1.22453E+12,1.83385E+11,1.47484E+11,1239145356,6.95674E+11,6.94742E+11,HNX,808,1,CTHĐQT,1973,1,1,0,0,2016,1,0,0,0,,0,0,808,6,999730,1.009828283,0,0,0,0,11553300,11.67,74250000,75,0
1.6623E+12,3.08418E+11,1.35388E+12,2.27458E+11,1.8416E+11,5829890578,8.23885E+11,8.23758E+11,HNX,808,1,CTHĐQT/Quyền TGĐ,1973,1,1,0,1,2016,1,1,0,0,0,1,0,808,7,21094140,21.30721212,0,0,20057400,20.26,0,0,74250000,75,75
2.20508E+12,1.73504E+12,4.70042E+11,23774404416,4184823202,-3062927466,1.18378E+12,1.18374E+12,HOSE,402,1,CTHĐQT,1946,1,1,0,0,2013,1,0,0,0,,0,0,402,7,132100,0.318313253,0,0,0,0,0,0,21715112,54.97,0
1.87918E+12,1.47521E+12,4.03969E+11,-58669461182,-63758092184,-7616828910,6.84543E+11,6.84543E+11,HOSE,402,1,CTHĐQT,1946,1,1,0,0,2013,1,0,0,0,,0,0,402,6,120340,0.289975904,0,0,0,0,0,0,26459392,66.99,0
8.42249E+12,5.95121E+12,2.47128E+12,5.02842E+11,3.72078E+11,13302601752,2.24624E+12,2.24624E+12,HNX,405,1,CTHĐQT,1971,1,1,40500000,0,2007,1,0,0,0,,0,0,405,5,37355574,24.19339925,0,0,22057325,14.29,40500000,26.23,0,0,0
8.03736E+12,4.37161E+12,3.66575E+12,8.34359E+11,6.07806E+11,-12815976013,4.55048E+12,4.55005E+12,HNX,405,1,CTHĐQT,1971,1,1,70500000,0,2007,1,0,0,0,,0,0,405,5,40998365,15.93159532,0,0,39569675,15.38,70500000,27.4,0,0,0
99802892921,33125255303,66677637618,858585236,751575638,-59319386,90855605313,90855605313,HNX,521,1,CTHĐQT/GĐ,1984,1,1,605000,1,2009,1,1,0,0,0,1,0,521,3,4800,0.079338843,0,0,0,0,2664270,44.03,0,0,0
86888720494,21386989289,65501731205,-1130294105,-1130294105,-5202251,54197692676,53185179044,HNX,521,1,CTHĐQT/GĐ,1984,1,1,605000,1,2009,1,1,0,0,0,1,0,521,3,4800,0.079338843,0,0,0,0,2359170,38.83,0,0,0
2.84897E+12,1.08809E+12,1.76088E+12,1.00993E+11,95892316467,-237566759,4.70018E+11,4.70018E+11,HOSE,301,1,CTHĐQT,1962,2,1,201300,0,,1,0,0,0,,0,0,301,7,4779003,3.448091305,0,0,0,0,0,0,95110189,68.62,45.94
3.61167E+12,1.84743E+12,1.76424E+12,2.26714E+11,2.16055E+11,1840388422,7.13536E+11,7.13536E+11,HOSE,301,1,CTHĐQT,1962,2,1,201300,0,,1,0,0,0,,0,0,301,7,4803558,3.465807946,0,0,0,0,0,0,98110188,68.62,45.94
3.81854E+11,95993007785,2.85861E+11,46438633598,37368285952,122731782,2.97267E+11,2.9486E+11,HNX,710,1,CTHĐQT,1986,2,1,307750,0,2015,1,0,0,0,,0,0,710,5,270341,2.435508454,0,0,0,0,0,0,6378836,57.47,0
4.69296E+11,76171104710,3.93125E+11,36469077496,29108195846,-463252520,2.94856E+11,2.92591E+11,HNX,710,1,CTHĐQT,1986,2,1,548626,0,2015,1,0,0,0,,0,0,710,5,527900,2.678346686,0,0,0,0,0,0,11805908,59.89,0
8.51776E+11,5.158E+11,3.35976E+11,6027879119,2320453472,7538199546,24390973052,24390973052,HOSE,405,1,CTHĐQT,1975,2,1,140038,0,,1,0,0,0,,0,0,405,6,3890,0.012333565,0,0,0,0,0,0,18100000,57.39,0
8.97152E+11,5.65828E+11,3.31324E+11,1208542024,125278920,7106916090,2589213336,2589213336,HOSE,405,1,CTHĐQT/TGĐ,1975,2,1,140038,1,,1,1,0,0,0,1,0,405,6,4000,0.012682329,0,0,0,0,0,0,18100000,57.4,0
2.22718E+13,1.45583E+13,7.71348E+12,3.9216E+11,2.15128E+11,2.2442E+11,2.70295E+12,2.686E+12,HOSE,402,1,CTHĐQT,1946,1,1,2493186,0,2001,1,0,0,0,,0,0,402,9,156656268,55.94002181,0,0,69407399,28.56,0,0,24049215,9.71,9.71
2.92491E+13,2.0543E+13,8.70611E+12,5.22812E+11,5.21852E+11,4.91999E+11,1.84873E+12,1.81316E+12,HOSE,402,1,CTHĐQT,1946,1,1,2493186,0,2001,1,0,0,0,,0,0,402,9,144319365,50.96595927,0,0,70843049,25.02,0,0,24049215,8.49,8.49
2.56551E+11,1.84915E+11,71636267208,202137180,108910406,57881704,1.42859E+11,1.42859E+11,HNX,516,1,CTHĐQT,1976,1,1,2040000,0,2016,1,0,0,0,,0,0,516,5,13200,0.33,0,0,0,0,3671940,91.8,0,0,0
2.46994E+11,2.0674E+11,40253376188,-31273980614,-31273980614,-95263452,2.94988E+11,2.94988E+11,HNX,516,1,CTHĐQT,1976,1,1,2040000,0,2016,1,0,0,0,,0,0,516,5,13000,0.325,0,0,0,0,3671940,91.8,0,0,0
3.31497E+12,2.70599E+12,6.08981E+11,1.10851E+11,89464097369,2111118642,8.5897E+11,8.5028E+11,,,,,,,,,,,,,,,,,,405,,,,0,0,0,0,0,0,6631610,13.26,0
4.49031E+12,3.86085E+12,6.29461E+11,1.2446E+11,1.01017E+11,9555675821,1.05862E+12,1.04999E+12,HOSE,405,1,CTHĐQT/TGĐ,1965,1,1,4150388,1,1994,1,1,0,0,0,1,0,405,9,,,0,0,0,0,6921816,13.84,3450660,6.9,0
2.07632E+11,1.20464E+11,87168109610,5835878992,4812185168,-345481790,2.68132E+11,2.68089E+11,HNX,601,1,CTHĐQT,1962,1,1,82020,0,2005,1,0,0,0,,0,0,601,5,502430,12.40567901,0,0,408600,10.18,460000,11.47,1984500,49.46,49.46
1.88497E+11,1.00479E+11,88017339700,6539326188,5332619090,138157553,3.92203E+11,3.92203E+11,HNX,601,1,CTHĐQT,1962,1,1,82020,0,2005,1,0,0,0,,0,0,601,5,523930,12.93654321,0,0,468100,11.56,459800,11.35,1984500,49,49
1.01359E+12,3.7685E+11,6.36736E+11,1.8712E+11,1.48538E+11,380043182,2.07021E+12,2.07021E+12,HOSE,502,1,CTHĐQT,1976,2,1,0,0,,1,0,0,0,,0,0,502,5,1192881,4.55166354,0,0,0,0,0,0,15038620,57.38,57.38
1.02437E+12,3.31409E+11,6.92963E+11,1.77378E+11,1.40547E+11,2562251834,1.92871E+12,1.92871E+12,HOSE,502,1,CTHĐQT,1976,2,1,0,0,,1,0,0,0,,0,0,502,5,1128221,4.304941055,0,0,0,0,0,0,15038620,57.38,57.38
,,,,,,,,,401,1,CTHĐQT/TGĐ,1972,1,1,33690,1,2001,1,1,0,0,0,1,0,401,3,1948350,9.212056738,0,0,0,0,2500000,11.82,11590000,54.8,0
,,,,,,,,,401,1,CTHĐQT/TGĐ,1972,1,1,33690,1,2001,1,1,0,0,0,1,0,401,3,41100,0.194326241,0,0,0,0,0,0,11590000,54.8,0
3.47579E+11,1.83807E+11,1.63772E+11,39132131116,31192503259,474984727,7.20637E+11,7.20637E+11,HNX,513,1,CTHĐQT,1962,1,1,0,0,,1,0,0,0,,0,0,513,5,17800,0.178,0,0,0,0,0,0,5138300,51.38,0
3.09265E+11,1.34515E+11,1.7475E+11,47971632306,38288425845,90611172,6.89685E+11,6.89685E+11,HNX,513,1,CTHĐQT,1962,1,1,0,0,,1,0,0,0,,0,0,513,5,14700,0.147,0,0,0,0,0,0,5138300,51.38,0
7.03694E+11,79738888752,6.23955E+11,1.14861E+11,91842072099,-413072199,3.78436E+11,3.78436E+11,HOSE,808,1,CTHĐQT,0,1,1,0,0,,1,0,0,0,,0,0,808,6,2458611,7.231208824,0,0,0,0,0,0,16214920,47.7,47.7
6.98454E+11,66755050274,6.31699E+11,1.12934E+11,90267069555,212731566,3.50194E+11,3.50194E+11,HOSE,808,1,CTHĐQT,0,2,1,0,0,,1,0,0,0,,0,0,808,6,2470701,7.266767647,0,0,0,0,0,0,16214920,47.7,47.7
9.15338E+11,7.69788E+11,1.4555E+11,20030583607,13591328360,-332828955,1.97712E+12,1.97712E+12,HNX,601,1,CTHĐQT,1962,0,1,0,0,2018,1,0,0,0,,0,0,601,5,0,0,0,0,0,0,0,0,6095348,55.41,55.41
1.03825E+12,8.66906E+11,1.71339E+11,48819450554,37542252364,11301788389,5.41497E+12,5.41497E+12,HNX,601,1,CTHĐQT,1962,0,1,0,0,2018,1,0,0,0,,0,0,601,5,7600,0.069090909,0,0,0,0,0,0,6095348,55.41,55.41
4.2323E+11,2.12501E+11,2.10729E+11,16796951509,13553466600,1663270595,1.01657E+12,1.01106E+12,HOSE,303,1,CTHĐQT,1960,0,1,0,0,,1,0,0,0,,0,0,303,8,713950,5.491923077,0,0,0,0,2156700,16.59,6630400,51,51
4.18879E+11,2.02037E+11,2.16842E+11,30289507539,22050158222,-1194352611,1.06793E+12,1.06709E+12,HOSE,303,1,CTHĐQT,1960,0,1,0,0,,1,0,0,0,,0,0,303,7,630340,4.848769231,0,0,0,0,2816790,21.67,6630400,51,51
1.21173E+11,63233995678,57938797284,-1388121826,-1388121826,0,20038945451,20038945451,HNX,601,1,CTHĐQT/TGĐ,1964,1,1,1427650,1,2001,1,1,0,0,0,1,0,601,5,32700,0.716940178,0,0,0,0,2825870,61.94,382500,8.38,0
1.13436E+11,55463519437,57972243104,33445820,33445820,-256138,51150512725,51150512725,HNX,601,1,CTHĐQT/TGĐ,1964,1,1,1427650,1,2001,1,1,0,0,0,1,0,601,5,60250,1.32096776,0,0,0,0,2826470,61.95,382500,8.38,0
3.70892E+12,2.34636E+12,1.36256E+12,2.61852E+11,2.14252E+11,14656207064,5.18693E+12,5.18572E+12,HOSE,909,1,CTHĐQT/TGĐ,1963,1,1,725888,1,1993,1,1,0,0,0,1,0,909,9,6644924,9.221989638,0,0,4396555,6.1,0,0,35223460,48.89,5.04
4.64939E+12,2.39698E+12,2.2524E+12,2.58953E+11,2.0857E+11,11878689394,4.86415E+12,4.85581E+12,HOSE,909,1,CTHĐQT/TGĐ,1963,1,1,755562,1,1993,1,1,0,0,0,1,0,909,10,37504351,37.50440126,0,0,29999959,29.99,0,0,23554103,23.55,0
6.21159E+11,3.74681E+11,2.46478E+11,1443191756,-331387947,-4422392626,2.81434E+11,2.81434E+11,HNX,402,1,CTHĐQT,1977,1,1,4139650,0,2003,1,0,0,0,,0,0,402,4,356740,2.074069767,0,0,0,0,6701884,38.97,0,0,0
6.26341E+11,3.88092E+11,2.38249E+11,5776263625,4116868712,959352087,3.21844E+11,3.21822E+11,HNX,402,1,CTHĐQT/Thành viên Kiểm toán nội bộ,1977,1,1,4139650,0,2003,1,0,0,0,,0,0,402,5,237440,1.380465116,0,0,0,0,7327904,42.61,0,0,0
7.11252E+11,5.31366E+11,1.79886E+11,30905952071,22316428219,29043526896,4.65685E+12,4.65677E+12,HOSE,710,1,CTHĐQT,1964,1,1,0,0,2009,1,0,0,0,,0,1,710,5,24462,0.202099949,0,0,0,0,1739571,14.37,7369449,60.89,0
7.33419E+11,5.51427E+11,1.81992E+11,26223691484,18350189069,27878787094,4.72881E+12,4.72878E+12,HOSE,710,1,CTHĐQT,1964,1,1,0,0,2009,1,0,0,0,,0,1,710,5,24362,0.20127377,0,0,0,0,0,0,9109020,75.26,0
8.76303E+11,7.37885E+11,1.38418E+11,93752089051,80768352431,-2122163604,1.06284E+12,1.0622E+12,HOSE,501,1,CTHĐQT,1971,2,1,0,0,2012,1,0,0,0,,0,0,501,5,65467,0.49516558,0,0,0,0,3568388,26.99,2542833,19.23,0
1.4238E+12,1.07933E+12,3.44468E+11,92438859364,77750042762,21131488014,9.58169E+11,9.51132E+11,HOSE,501,1,CTHĐQT,1971,2,1,0,0,2012,1,0,0,0,,0,0,501,6,253557,1.917801319,0,0,0,0,4230898,32,2542833,19.23,0
8.35454E+11,2.98174E+11,5.3728E+11,1.45217E+11,1.14304E+11,6643567336,1.81923E+12,1.81923E+12,HOSE,302,0,CTHĐQT,1973,1,1,,0,2011,1,0,0,1,,0,0,302,5,6051211,22.41189259,0,0,2600940,9.63,0,0,15120000,56,0
8.38644E+11,2.95793E+11,5.42852E+11,1.0761E+11,84347276930,2729496181,2.13039E+12,2.13039E+12,HOSE,302,0,CTHĐQT,1973,1,1,0,0,2011,1,0,0,1,,0,0,302,5,5571403,20.63482593,0,0,2600940,9.63,0,0,15120000,56,0
5.69097E+11,65760194680,5.03336E+11,1.12525E+11,90270107045,935026596,4.24228E+12,4.24202E+12,HOSE,707,1,CTHĐQT,1966,1,1,,0,2012,1,0,0,0,,0,0,707,5,62759,0.444449071,0,0,0,0,0,0,11923773,84.44,0
5.15312E+11,70637890561,4.44674E+11,63603654162,51029879410,51149861,4.20704E+12,4.20361E+12,HOSE,707,1,CTHĐQT,1966,1,1,3500826,0,2012,1,0,0,0,,0,0,707,5,63029,0.446361168,0,0,0,0,0,0,11923773,84.44,0
1.60172E+11,73701699200,86470415841,16659556713,13293322262,201279142,3.22218E+11,3.22218E+11,HNX,511,1,CTHĐQT/TGĐ,1956,1,1,93262,1,1992,1,1,0,0,0,1,0,511,5,833370,19.36696064,0,0,259200,6.35,577087,14.13,875220,21.44,0
1.27046E+11,46432604624,80613183362,13897332266,10921809197,-539456834,2.67735E+11,2.67735E+11,HNX,511,1,CTHĐQT/TGĐ,1956,1,1,93262,1,1992,1,1,0,0,0,1,0,511,5,864670,20.09435168,0,0,574000,14.06,577087,14.14,875220,21.44,0
3.47666E+11,1.55132E+11,1.92533E+11,16107162568,12779533855,-619025708,2.40981E+11,2.40981E+11,HOSE,513,1,CTHĐQT/TGĐ,1967,2,1,1500000,1,2014,1,1,0,0,0,1,0,513,5,6260,0.041733333,0,0,0,0,1500000,10,0,0,0
4.04703E+11,2.31187E+11,1.73516E+11,6254690755,5373635333,-1168750364,4.04671E+11,4.04671E+11,HOSE,513,1,CTHĐQT/TGĐ,1967,2,1,1500000,1,2014,1,1,0,0,0,1,0,513,5,2000,0.013333333,0,0,0,0,1500000,10,0,0,0
2.32831E+12,8.39066E+11,1.48924E+12,4.00683E+11,3.20039E+11,-2361609561,1.68718E+12,1.68718E+12,HOSE,404,1,CTHĐQT,1971,2,1,0,0,2002,1,0,0,0,,0,0,404,6,12874290,25.74858,0,0,9500000,19,0,0,25573456,51.15,0
2.68157E+12,7.8355E+11,1.89802E+12,4.91211E+11,3.92745E+11,-1929159922,2.32523E+12,2.31243E+12,HOSE,404,1,CTHĐQT,1971,2,1,0,0,2002,1,0,0,0,,0,0,404,5,22286320,27.8579,0,0,14367800,17.96,0,0,40917529,51.15,0
7.50977E+11,3.99933E+11,3.51044E+11,1.55599E+11,1.21858E+11,-1000352094,4.98041E+11,4.98041E+11,HNX,401,1,CTHĐQT,1946,1,1,3491936,0,2004,1,0,0,0,,0,0,401,5,811928,4.05964,0,0,0,0,8935362,43.58,0,0,0
9.73977E+11,6.53836E+11,3.20141E+11,5189820322,3296717033,-970646049,4.37401E+11,4.37401E+11,HNX,401,1,CTHĐQT,1946,1,1,5016636,0,2004,1,0,0,0,,0,0,401,5,631496,3.080468293,0,0,0,0,10460062,51.02,0,0,0
3.86932E+12,2.67256E+12,1.19676E+12,16510086892,13160582834,4793182815,3.99932E+12,3.89198E+12,HOSE,512,1,CTHĐQT,1972,1,1,0,0,2016,1,0,0,0,,0,0,512,5,2798156,2.700232943,0,0,0,0,0,0,52855849,51,51
3.81602E+12,2.57508E+12,1.24094E+12,65562185470,52449748376,5872031270,4.36326E+12,4.26519E+12,HOSE,512,1,CTHĐQT,1972,2,1,0,0,2016,1,0,0,0,,0,0,512,4,2411853,2.327448836,0,0,0,0,0,0,52849498,51,51
1.12779E+12,2.85376E+11,8.42417E+11,3.18538E+11,2.54255E+11,10405324273,1.58803E+12,1.58803E+12,HOSE,511,1,CTHĐQT,1963,1,1,2500,0,1990,1,0,0,0,,0,0,511,5,8896644,20.12815385,0,0,3037894,6.87,0,0,28731000,65,65
1.26499E+12,3.29247E+11,9.35747E+11,3.14602E+11,2.51144E+11,-130814306,1.56627E+12,1.56627E+12,HOSE,511,1,CTHĐQT,1963,1,1,2500,0,1990,1,0,0,0,,0,0,511,5,6756534,15.28627602,0,0,2898804,6.56,0,0,28731000,65,65
4.48329E+11,3.10243E+11,1.38086E+11,36198942881,28583635030,-222655844,8.27432E+11,8.27086E+11,HNX,516,1,CTHĐQT,1959,1,1,135000,0,2007,1,0,0,0,,0,0,516,5,682869,7.940337209,0,0,602126,7,1846636,21.48,0,0,0
5.1511E+11,2.92132E+11,2.22978E+11,36813519763,28943982570,1661415196,5.82379E+11,5.82379E+11,HNX,516,1,CTHĐQT,1959,1,1,162000,0,2007,1,0,0,0,,0,0,516,5,838369,6.128428363,0,0,0,0,862500,6.3,3360000,24.56,0
2.45277E+11,1.52965E+11,92311528703,60829718,60829718,14247029,85695834169,85695834169,HNX,709,1,CTHĐQT,1966,2,1,0,0,2014,1,0,0,0,,0,0,709,7,6970,0.079205211,0,0,0,0,5481866,62.29,0,0,0
2.10345E+11,1.5061E+11,59734453278,107805366,107805366,-256454060,82773692701,82773692701,HNX,709,1,CTHĐQT,1966,2,1,0,0,2014,1,0,0,0,,0,0,709,7,6970,0.079205211,0,0,0,0,7027125,79.84,0,0,0
1.68231E+13,8.86057E+12,7.96249E+12,1.87297E+12,1.51041E+12,1.26721E+11,2.85609E+13,2.85609E+13,HOSE,401,1,CTHĐQT,1959,1,1,3831654,0,2004,1,0,0,0,,0,0,401,7,35148092,44.85749729,0,0,19633148,26.01,0,0,16754822,22.2,0
1.61988E+13,7.72931E+12,8.46952E+12,8.90731E+11,7.10917E+11,33678508977,2.3733E+13,2.3733E+13,HOSE,401,1,CTHĐQT,1959,1,1,3901754,0,2004,1,0,0,0,,0,0,401,7,37759904,47.64356066,0,0,22163166,27.97,0,0,11192652,14.12,0
9.65903E+11,6.98698E+11,2.67205E+11,68325516559,56693113215,34761069613,3.44226E+12,3.40171E+12,HOSE,701,1,CTHĐQT,1953,1,1,565000,0,2009,1,0,0,0,,0,0,701,5,1020,0.005666667,0,0,0,0,0,0,5250000,29.2,0
1.54693E+12,1.01442E+12,5.32504E+11,54791248141,43930700685,48813547975,6.47919E+12,6.35334E+12,HOSE,701,1,CTHĐQT,1953,1,1,4189450,0,2009,1,0,0,0,,0,0,701,5,109288,0.239982602,0,0,0,0,0,0,6037500,13.26,0
,,,,,,,,HOSE,1001,1,CTHĐQT,1970,2,1,37527,0,2002,1,0,0,0,,0,0,1001,7,1101583426,29.58538105,0,0,935468783,25.12,0,0,2400204956,64.46,64.46
,,,,,,,,HOSE,1001,1,CTHĐQT,1970,2,1,37527,0,2002,1,0,0,0,,0,0,1001,8,1098195622,29.49439432,0,0,734604384,19.73,0,0,2400204956,64.46,64.46
4.43028E+12,2.96017E+12,1.47011E+12,1.57213E+11,1.2847E+11,-1129950136,9.17098E+11,9.17098E+11,HOSE,402,1,CTHĐQT,1975,2,1,1430000,0,2000,1,0,0,0,,0,0,402,7,15396913,24.43954561,0,0,10568840,16.77,4660760,7.4,0,0,0
4.52664E+12,3.06999E+12,1.45665E+12,96549019309,83988900701,-224959744,7.96621E+11,7.96621E+11,HOSE,402,1,CTHĐQT,1975,2,1,1430000,0,2000,1,0,0,0,,0,0,402,7,14940793,23.71554557,0,0,6200000,9.84,8551500,13.58,0,0,0
2.04673E+11,60070724414,1.44602E+11,7918384057,7611451720,-211182215,1.84985E+11,1.83905E+11,HNX,101,1,CTHĐQT,1973,0,1,1538900,0,2010,1,0,0,0,,0,0,101,5,143922,1.189438803,0,0,0,0,6375820,52.68,0,0,0
1.58044E+11,8925914136,1.49118E+11,6814483419,6424182282,-1144253878,1.45162E+11,1.45133E+11,HNX,101,1,CTHĐQT,1973,1,1,0,0,2010,1,0,0,0,,0,0,101,5,94062,0.777372415,0,0,0,0,2875068,23.76,2100000,17.36,0
,,,,,,,,HOSE,1002,1,CTHĐQT,1961,2,1,1747,0,2015,1,0,0,0,,0,0,1002,5,12945884,12.16300306,0,0,6526416,6.13,0,0,80486470,75.61,0
,,,,,,,,HOSE,1002,1,CTHĐQT,1961,2,1,1904,0,2015,1,0,0,0,,0,0,1002,5,12500064,11.74414329,0,0,6526416,6.13,0,0,80486470,75.61,0
6.14872E+11,5.55971E+11,58900925858,9898109568,7902471820,307694290,1.48481E+12,1.48481E+12,HNX,516,1,CTHĐQT,1964,0,1,0,0,,1,0,0,0,,0,0,516,5,21000,0.447060482,0,0,0,0,0,0,2270100,48.32,40.98
4.96225E+11,4.37589E+11,58635723685,14219460647,7012269647,-16859999257,1.5008E+12,1.5008E+12,HNX,516,1,CTHĐQT,1964,0,1,0,0,,1,0,0,0,,0,0,516,5,12000,0.255463132,0,0,0,0,0,0,2283100,48.6,40.98
2.90603E+12,2.10214E+12,8.03882E+11,12587127054,8153263428,-5738941584,1.54837E+11,1.54837E+11,HNX,401,1,CTHĐQT/TGĐ,1973,2,1,393300,1,2013,1,1,0,0,0,1,0,401,5,0,0,0,0,0,0,3698881,14.03,0,0,0
2.37323E+12,1.36832E+12,1.00491E+12,2.6449E+11,2.0103E+11,159559345,1.09262E+12,1.09262E+12,HNX,401,1,CTHĐQT/TGĐ,1973,2,1,784303,1,2013,1,1,0,0,0,1,0,401,5,499,0.000632388,0,0,0,0,4004043,5.07,0,0,0
76635921306,45092956,76590828350,3042926054,3042926054,25186611,24056834385,24056834385,HNX,601,1,CTHĐQT/GĐ,1982,1,1,0,1,2015,1,1,0,0,0,1,0,601,4,2100,0.025454545,0,0,0,0,4927500,59.72,0,0,0
1.55491E+11,14486841157,1.41004E+11,47089185658,46793261008,-18985847,2.11655E+11,2.11655E+11,HNX,601,1,CTHĐQT,0,0,0,0,0,,1,0,0,0,,0,0,601,3,2200,0.026666667,0,0,0,0,1660000,20.12,870000,10.55,0
1.33504E+12,7.00813E+11,6.34228E+11,2.03173E+11,1.61986E+11,3645974940,1.55303E+12,1.4509E+12,HOSE,513,1,CTHĐQT/TGĐ,1964,1,1,1899006,1,2006,1,1,0,0,0,1,0,513,5,5387657,14.68391048,0,0,0,0,2468707,6.72,4413782,12.02,0
1.23302E+12,5.33954E+11,6.99062E+11,2.06046E+11,1.6466E+11,2327031287,1.58118E+12,1.46806E+12,HOSE,513,1,CTHĐQT/TGĐ,1964,1,1,2468707,1,2006,1,1,0,0,0,1,0,513,7,4471989,12.18828261,0,0,0,0,4323247,11.77,3999037,10.89,0
1.18143E+11,90315711823,27826853395,1458202899,1134992599,-157848609,1.07683E+11,1.07683E+11,HNX,401,1,CTHĐQT,1958,1,1,161640,0,2003,1,0,0,0,,0,0,401,5,6618,0.299679805,0,0,0,0,161640,7.32,0,0,0
78021119670,50322289602,27698830068,951420869,690325477,-354056090,1.21201E+11,1.21201E+11,HNX,401,1,CTHĐQT,1958,1,1,281640,0,2003,1,0,0,0,,0,0,401,5,6618,0.299679805,0,0,0,0,761648,34.49,0,0,0
5.48968E+11,4.54953E+11,94015608964,17572452201,14001233821,-50124602,1.96132E+11,1.96132E+11,HNX,405,0,CTHĐQT/TGĐ,1964,1,1,194284,1,1983,1,1,0,1,1,1,1,405,7,0,0,0,0,0,0,0,0,1310400,20,20
6.4265E+11,5.33213E+11,1.09437E+11,35263970793,29062902301,-4417664466,3.97394E+11,3.97394E+11,HNX,405,0,CTHĐQT/TGĐ,1964,1,1,194284,1,1983,1,1,0,1,1,1,1,405,7,4141,0.063202413,0,0,0,0,1565593,23.89,1310400,20,20
1.59055E+12,1.1162E+12,4.74344E+11,1.18336E+11,94360996072,-1429369477,2.82522E+11,2.82522E+11,HOSE,405,0,CTHĐQT,1975,0,1,0,0,,1,0,0,1,,0,0,405,7,184610,1.725327103,0,0,0,0,0,0,6174000,57.94,0
2.09864E+12,1.30151E+12,7.97131E+11,4.68998E+11,3.75192E+11,472082515,7.63774E+11,7.63774E+11,HOSE,405,1,CTHĐQT/Phó TGĐ,1971,1,1,0,1,2011,1,1,0,0,,0,0,405,7,1188840,5.567037653,0,0,0,0,0,0,12348000,57.94,0
93786038085,14157325981,79628712104,16048240719,12680223439,1459978286,1.40217E+11,1.36292E+11,HNX,901,1,CTHĐQT,1969,1,1,0,0,,1,0,0,0,,0,0,901,5,1544000,30.88,295700,6.35,606200,13.01,0,0,2075000,44.54,44.54
1.11837E+11,28358664754,83478443419,17211887745,13364019017,314011709,1.77544E+11,1.71951E+11,HNX,901,0,CTHĐQT,1967,1,1,0,0,2019,1,0,0,1,,0,0,901,5,1551000,31.02,295700,6.35,606200,13.01,0,0,2075000,44.54,44.54
36561180948,5141115147,31420065801,5750267234,4612368507,10294546,59443850750,58147354721,HNX,901,0,CTHĐQT,1974,1,1,1092,0,2004,1,0,0,1,,0,0,901,5,386282,25.77481517,176700,11.79,0,0,106500,7.11,440761,29.41,29.41
43187253042,8002270927,35184982115,5725345671,4591361359,-19087377,64013498693,62989609018,HNX,901,1,CTHĐQT,1962,1,1,0,0,2019,1,0,0,0,,0,0,901,5,138532,9.243601036,0,0,0,0,106500,7.11,680061,45.38,29.41
1.37991E+12,7.6117E+11,6.18742E+11,66462426351,53959880778,1904408405,1.55534E+12,1.55534E+12,HOSE,512,1,CTHĐQT/TGĐ,1971,1,1,0,1,2001,1,1,0,0,0,1,0,512,5,2317748,4.47484158,0,0,0,0,0,0,24989717,48.25,0
1.61413E+12,9.41884E+11,6.72243E+11,71210624417,53158186674,-1174484951,1.63544E+12,1.63544E+12,HOSE,512,1,CTHĐQT/TGĐ,1971,1,1,0,1,2001,1,1,0,0,0,1,0,512,5,2064642,3.986173592,0,0,0,0,0,0,24989717,48.25,0
7.26128E+11,3.64336E+11,3.61792E+11,11583349380,9004381610,3379912750,2.47973E+11,2.47867E+11,HOSE,1801,1,CTHĐQT/TGĐ,1958,1,1,6500000,1,2003,1,1,0,0,0,1,0,1801,5,944760,2.76245614,0,0,0,0,11000000,32.17,0,0,0
6.24018E+11,2.62356E+11,3.61663E+11,1591377940,609269875,14846266198,1.17452E+11,1.17452E+11,HOSE,1801,1,CTHĐQT/TGĐ,1958,1,1,3500000,1,2003,1,1,0,0,0,1,0,1801,3,982530,2.872894737,0,0,0,0,3500000,10.23,0,0,0
1.36741E+12,8.40332E+11,5.27077E+11,58959446651,51513702587,-2066097660,1.58684E+12,1.58679E+12,HOSE,501,1,CTHĐQT,1964,0,1,138575,0,2008,1,0,0,0,,0,0,501,8,740,0.001688922,0,0,0,0,0,0,34721490,79.25,0
1.57535E+12,9.86002E+11,5.89349E+11,69211846205,62271882843,-144994395,2.49328E+12,2.49327E+12,HOSE,501,1,CTHĐQT,1964,0,1,145503,0,2008,1,0,0,0,,0,0,501,5,3115,0.006770942,0,0,0,0,0,0,36457564,79.25,0
8.35001E+12,5.60349E+12,2.74653E+12,3.93359E+11,3.60235E+11,6201894016,6.79551E+12,6.67431E+12,HOSE,501,1,CTHĐQT,1957,2,1,15132554,0,1996,1,0,0,0,,0,0,501,8,22743019,27.46129018,0,0,7221456,8.7,15132554,18.3,8676530,10.5,0
9.59192E+12,6.56597E+12,3.02596E+12,3.45051E+11,3.0513E+11,6114176961,7.29993E+12,7.18676E+12,HOSE,501,1,CTHĐQT,1957,2,1,16645809,0,1996,1,0,0,0,,0,0,501,8,21026272,23.08047387,0,0,7943601,8.72,16645809,18.27,6367912,6.99,0
1.43434E+12,5.43687E+11,8.90654E+11,2.01026E+11,1.63005E+11,15148018,1.47402E+12,1.40102E+12,HOSE,511,1,CTHĐQT/TGĐ,1961,1,1,471095,1,1983,1,1,0,0,0,1,0,511,7,0,0,0,0,0,0,0,0,6984955,13.34,13.34
1.62055E+12,6.88045E+11,9.32508E+11,1.74013E+11,1.42227E+11,196026358,1.32101E+12,1.26173E+12,HOSE,511,1,CTHĐQT,1961,1,1,471095,0,1983,1,0,0,0,,0,1,511,7,0,0,0,0,0,0,0,0,6984955,13.34,13.34
6.17395E+11,3.77592E+11,2.39804E+11,26001544140,21179675108,8110069584,7.85142E+11,7.76298E+11,HOSE,602,1,CTHĐQT,1979,1,1,788965,0,2014,1,0,0,0,,0,0,602,7,475467,3.861035622,0,0,0,0,6046356,49.08,0,0,0
7.13984E+11,4.7612E+11,2.37864E+11,31060938018,25639583861,2162646507,7.93589E+11,7.86282E+11,HOSE,602,1,CTHĐQT,1980,2,1,1025000,0,2016,1,0,0,0,,0,0,602,7,1057953,7.82,0,0,0,0,6423380,47.48,0,0,0
54343089059,36046508934,18296580125,-10692335793,-10692335793,120710115,85009320488,85009320488,HNX,403,1,CTHĐQT,1963,1,1,120120,0,2006,1,0,0,0,,0,0,403,5,200,0.007936508,0,0,0,0,0,0,1261800,50.1,0
1.59697E+11,1.34387E+11,25309773794,7733174369,7013193669,2536543840,1.90437E+11,1.90437E+11,HNX,403,1,CTHĐQT/Phó GĐ,1984,1,1,39000,1,,1,1,0,0,,0,0,403,3,200,0.007936508,0,0,0,0,3533040,50.07,1261800,50.07,0
3.48978E+11,2.04589E+11,1.44389E+11,17669610857,13812600226,6256928416,3.209E+11,3.209E+11,HOSE,401,1,CTHĐQT,1976,1,1,2279710,0,2000,1,0,0,0,,0,0,401,5,14553,0.1323,0,0,0,0,2279710,20.72,4185663,38.05,0
6.59207E+11,3.21463E+11,3.37743E+11,32190410077,25633957186,1958198477,4.0495E+11,4.0495E+11,HOSE,401,1,CTHĐQT,1976,1,1,3013681,0,2000,1,0,0,0,,0,0,401,5,23368,0.08057931,0,0,0,0,3013681,10.39,11394228,39.29,0
1.73093E+12,9.25802E+11,8.05127E+11,20027853585,12698029644,-286824380,8.12364E+11,8.0418E+11,HOSE,511,1,CTHĐQT/TGĐ,1975,2,1,0,1,2014,1,1,0,0,0,1,0,511,5,2054093,3.614272273,0,0,0,0,0,0,42402616,74.61,0
1.71247E+12,8.28049E+11,8.84422E+11,1.04733E+11,87003627848,975602658,7.56657E+11,7.52014E+11,HOSE,511,1,CTHĐQT,1975,2,1,0,0,2014,1,0,0,0,,0,1,511,5,1818863,3.200374136,0,0,0,0,0,0,42402616,74.61,0
1.10306E+13,4.76171E+12,6.26887E+12,7.06199E+11,6.59059E+11,9335797010,6.82733E+12,6.68933E+12,HOSE,511,1,CTHĐQT,1977,0,1,0,0,2019,1,0,0,0,,0,0,511,5,20904587,3.948731961,0,0,0,0,0,0,445126747,84.08,75.56
1.01726E+13,4.06627E+12,6.10633E+12,4.63088E+11,4.27724E+11,45011213477,7.17658E+12,7.04297E+12,HOSE,511,1,CTHĐQT,1977,2,1,0,0,2019,1,0,0,0,,0,0,511,5,12983787,2.452547601,0,0,0,0,0,0,445126747,84.08,75.56
3.98647E+11,2.55186E+11,1.43461E+11,12967973694,10077809431,518850699,2.59619E+11,2.58366E+11,HNX,303,1,CTHĐQT,1961,2,1,1500000,0,2012,1,0,0,0,,0,1,303,5,0,0,0,0,0,0,4120000,34.33,0,0,0
6.38843E+11,4.81179E+11,1.57663E+11,17860992894,14202590691,-192199230,3.42438E+11,3.41791E+11,HNX,303,1,CTHĐQT,1961,2,1,1500000,0,2012,1,0,0,0,,0,1,303,5,100,0.000833333,0,0,0,0,4120000,34.33,0,0,0
4.73E+12,1.56457E+12,3.16542E+12,9.06609E+11,8.72807E+11,-21670243544,6.09151E+12,6.09014E+12,HOSE,511,1,CTHĐQT/TGĐ,1956,1,1,20020336,1,2007,1,1,0,0,0,1,0,511,5,1064583,0.987518892,0,0,0,0,34498309,32,9957660,9.24,9.24
4.72186E+12,1.2703E+12,3.45156E+12,5.9907E+11,5.71558E+11,2998079676,5.09191E+12,5.09062E+12,HOSE,511,1,CTHĐQT/TGĐ,1956,1,1,23071716,1,2007,1,1,0,0,0,1,0,511,5,2190992,1.693669416,0,0,0,0,39745980,30.72,11451108,8.85,8.85
2.22334E+12,1.45686E+12,7.66479E+11,1.39636E+11,1.09525E+11,2322713313,5.99827E+12,5.93737E+12,HOSE,601,1,CTHĐQT/TGĐ,1970,1,1,1817104,1,2003,1,1,0,0,0,1,0,601,5,4603865,11.29734389,0,0,2140015,5.25,2252516,5.55,14872000,36.49,0
2.40506E+12,1.48021E+12,9.24848E+11,2.10354E+11,1.63179E+11,436703970,8.6032E+12,8.48807E+12,HOSE,601,1,CTHĐQT/TGĐ,1970,1,1,1937104,1,2003,1,1,0,0,0,1,0,601,5,7034095,16.76710865,0,0,2140015,5.1,2357516,5.62,14872000,35.45,0
4.19257E+11,32869318007,3.86388E+11,83018567139,66894331513,-13314780,2.97821E+11,2.97821E+11,HOSE,202,1,CTHĐQT,1965,1,1,595206,0,2011,1,0,0,0,,0,0,202,5,1511444,9.996358453,0,0,0,0,0,0,5749893,39.04,0
4.26594E+11,39523273991,3.8707E+11,83879445979,67930222255,73837271,3.31527E+11,3.31527E+11,HOSE,202,1,CTHĐQT,1965,1,1,595206,0,2011,1,0,0,0,,0,0,202,5,1450754,9.59496813,0,0,0,0,0,0,5749893,39.04,0
1.81224E+12,9.70272E+11,8.41965E+11,1.54961E+11,1.34116E+11,3480472666,9.26844E+11,9.26654E+11,HOSE,508,1,CTHĐQT/TGĐ,1964,1,1,2564049,1,2012,1,1,0,0,0,1,0,508,6,13787714,33.34267841,0,0,6390312,14.26,10961994,24.46,2904687,6.48,0
2.11328E+12,9.94942E+11,1.11834E+12,2.20335E+11,1.81588E+11,12158762789,1.43003E+12,1.42989E+12,HOSE,508,1,CTHĐQT/TGĐ,1964,1,1,3488858,1,2012,1,1,0,0,0,1,0,508,6,20687449,36.94465497,0,0,11824342,21.99,9857812,17.85,3485624,6.48,0
4.20596E+12,1.0617E+12,3.14426E+12,7.31782E+11,6.51089E+11,13937328508,4.42156E+12,3.88213E+12,HOSE,511,1,CTHĐQT,1972,2,1,0,0,2017,1,0,0,0,,0,0,511,7,64046372,48.98531291,0,0,45761086,34.99,0,0,56626237,43.31,43.31
4.14682E+12,7.69267E+11,3.37755E+12,7.13195E+11,6.31263E+11,-1738168519,4.41396E+12,3.89675E+12,HOSE,511,0,CTHĐQT/Thành viên Kiểm toán nội bộ,1973,2,1,0,0,2017,1,0,0,1,,0,0,511,7,71172126,54.43538414,0,0,66697052,51.01,0,0,56626237,43.31,43.31
6.10989E+11,2.57102E+11,3.53887E+11,7953484571,6310770075,-2319648409,8.98619E+11,8.98529E+11,HOSE,202,1,CTHĐQT/TGĐ,1968,1,1,6634393,1,2003,1,1,0,0,0,1,0,202,5,59109,0.188268127,0,0,0,0,6634393,21.13,0,0,0
5.69287E+11,2.11357E+11,3.5793E+11,7076545548,4674080100,-3980073550,1.11242E+12,1.11242E+12,HOSE,202,1,CTHĐQT/TGĐ,1968,1,1,6634393,1,2003,1,1,0,0,0,1,0,202,4,57739,0.183904539,0,0,0,0,6634393,21.13,0,0,0
1.94642E+11,35963291120,1.58679E+11,20646750847,16517400678,8457756260,2.5315E+11,2.52472E+11,HNX,518,1,CTHĐQT,1964,1,1,1307254,0,1989,1,0,0,0,,0,0,518,5,653920,6.889024673,0,0,0,0,1307254,13.77,0,0,0
2.10078E+11,49455947577,1.60622E+11,15108128299,12086502639,2705011325,2.80447E+11,2.79322E+11,HNX,518,1,CTHĐQT,1964,1,1,1307254,0,1989,1,0,0,0,,0,0,518,5,538720,5.675396641,0,0,0,0,1307254,13.77,0,0,0
6.39124E+11,3.63124E+11,2.76E+11,1.05888E+11,84969136196,9128068381,1.70534E+12,1.70534E+12,HNX,511,1,CTHĐQT,1951,1,1,1499998,0,1993,1,0,0,0,,0,0,511,7,677578,3.595575473,0,0,0,0,7279500,38.63,1005851,5.34,5.34
7.3822E+11,4.26074E+11,3.12147E+11,1.1266E+11,90022812337,9003447234,2.04275E+12,2.04224E+12,HNX,511,1,CTHĐQT,1951,1,1,1649997,0,1993,1,0,0,0,,0,0,511,7,685045,3.242453567,0,0,0,0,7415559,35.07,11063810,5.24,5.24
6.83211E+12,3.61275E+12,3.21936E+12,4.28283E+11,3.32925E+11,88885166344,2.45914E+12,2.34501E+12,HOSE,405,1,CTHĐQT,1957,2,1,15508332,0,1990,1,0,0,0,,0,0,405,7,95452422,37.80521775,0,0,53782153,21.3,15508332,6.14,53048407,21.01,0
8.19723E+12,4.18778E+12,4.00945E+12,4.71281E+11,3.71823E+11,-61867793125,2.13948E+12,2.11574E+12,HOSE,405,1,CTHĐQT,1957,2,1,19870090,0,1990,1,0,0,0,,0,0,405,7,112924290,35.85540066,0,0,63893197,20.84,19870090,6.31,60615105,20.66,0
2.97589E+11,2.05446E+11,92143084011,2348076641,1729944777,39340777,1.82252E+11,1.82252E+11,HNX,401,1,CTHĐQT/TGĐ,1963,1,1,43600,1,1990,1,1,0,0,0,1,0,401,4,6168,0.104364396,0,0,0,0,1911670,32.35,316000,5.35,0
3.489E+11,2.57539E+11,91360734187,2264689672,1754749976,0,1.46597E+11,1.46597E+11,HNX,401,1,CTHĐQT,1963,1,1,43600,0,1990,1,0,0,0,,0,0,401,5,3389,0.056672601,0,0,0,0,2468397,41.77,316000,5.35,0
2.38841E+12,1.31541E+12,1.073E+12,25339704203,18672075329,-22082546485,1.84438E+11,1.84438E+11,HNX,805,1,CTHĐQT/GĐ,1984,1,1,965700,1,2006,1,1,0,0,0,1,0,805,5,1039560,1.027463132,0,0,0,0,24294888,24.01,20002300,19.77,0
1.32909E+12,2.55254E+11,1.07384E+12,18729017552,16005464798,-10318425520,2.01027E+11,2.01027E+11,HNX,805,1,CTHĐQT/GĐ,1984,1,1,965700,1,2006,1,1,0,0,0,1,0,805,5,1039485,1.027389005,0,0,0,0,35850488,35.43,20002300,19.77,0
8.71226E+12,5.2301E+12,3.48215E+12,36548979819,14353129370,8272482592,2.91684E+12,2.91429E+12,HOSE,517,1,CTHĐQT,1962,0,1,64226523,0,1995,1,0,0,0,,0,0,517,6,25197419,8.418510097,0,0,31858597,10.65,64226523,21.46,0,0,0
8.61451E+12,5.18446E+12,3.43005E+12,38419579975,-7458600891,-43378759502,2.87327E+12,2.87326E+12,HOSE,517,1,CTHĐQT,1962,0,1,74226523,0,1995,1,0,0,0,,0,0,517,7,6631247,2.215513415,0,0,17658567,5.9,64226523,21.46,0,0,0
1.46509E+12,3.35549E+11,1.12954E+12,2.8609E+11,2.28772E+11,3616976318,1.464E+12,1.38509E+12,HOSE,511,1,CTHĐQT,1970,2,1,0,0,2019,1,0,0,0,,0,1,511,7,22029068,63.43413779,0,0,17949800,51.69,0,0,12054467,34.71,34.71
1.53305E+12,2.80784E+11,1.25227E+12,2.90916E+11,2.32635E+11,5314420529,1.53385E+12,1.46839E+12,HOSE,511,1,CTHĐQT,1970,2,1,0,0,2019,1,0,0,0,,0,1,511,6,22026781,63.42755223,0,0,17949800,51.69,0,0,12054467,34.71,34.71
77148652619,25670948656,51477703963,19655180260,15671266639,3951851509,2.8662E+11,2.8662E+11,HNX,301,1,CTHĐQT,1961,2,1,938028,0,2016,1,0,0,0,,0,0,301,5,7838,0.190690749,0,0,0,0,2966092,72.14,0,0,0
82833237072,24010138071,58823099001,26109630784,20643082716,4657674066,3.57735E+11,3.57735E+11,HNX,301,1,CTHĐQT,1961,2,1,938028,0,2016,1,0,0,0,,0,0,301,5,6467,0.157335682,0,0,0,0,3016092,73.36,0,0,0
1.47207E+11,68453220593,78753436073,5023405449,3924518699,-230466219,1.63169E+11,1.62935E+11,HNX,521,1,CTHĐQT/TGĐ,1975,0,1,0,1,2016,1,1,0,0,0,1,0,521,5,226366,5.171001038,0,0,0,0,1201393,27.44,0,0,0
2.12025E+11,1.25428E+11,86597566406,10950249557,8629034073,-639313512,3.56115E+11,3.55857E+11,HNX,521,1,CTHĐQT,1975,1,1,0,0,2016,1,0,0,0,,0,1,521,3,242766,5.545635113,0,0,0,0,1684833,38.49,0,0,0
6.67108E+12,4.92361E+12,1.74747E+12,15180482084,12246279638,-3480989182,2.18819E+12,2.18082E+12,HNX,512,1,CTHĐQT,1982,1,1,4848176,0,2012,1,0,0,0,,0,0,512,5,1532795,1.74164358,0,0,0,0,15211601,15.21,32676781,32.67,0
7.59033E+12,5.52063E+12,2.0697E+12,39679032660,27097304518,-1933883598,2.8247E+12,2.79911E+12,HNX,512,1,CTHĐQT,1982,1,1,10562620,0,2012,1,0,0,0,,0,0,512,7,927474,0.927394847,0,0,0,0,10562620,10.56,6000000,6,0
2.39811E+11,58948845489,1.80862E+11,1.02215E+11,80063344488,417848733,4.7926E+11,4.71177E+11,HNX,511,1,CTHĐQT/TGĐ,1960,1,1,474474,1,1984,1,1,0,0,0,1,0,511,5,51430,0.756323529,0,0,0,0,891027,13.13,1687498,24.81,0
3.69181E+11,67493744054,3.01687E+11,1.03576E+11,82721779366,138901481,4.2363E+11,4.10804E+11,HNX,511,1,CTHĐQT,1960,1,1,548720,0,1984,1,0,0,0,,0,0,511,5,41452,0.482,0,0,0,0,3055659,35.53,1898435,22.07,0
40980272437,2293913405,38686359032,2704728655,2152154599,4746000,65644596239,65644596239,HNX,512,1,CTHĐQT,0,0,1,299771,0,,1,0,0,0,,0,0,512,3,28590,1.277891011,0,0,0,0,412271,18.43,650000,29.1,0
77742564842,35383480993,42359083849,7292343583,5818026817,-34778547,80797004177,80797004177,HNX,512,1,CTHĐQT,0,0,1,299771,0,,1,0,0,0,,0,0,512,3,28580,1.277444039,0,0,0,0,412271,18.43,650000,29.1,0
4.64716E+12,3.61107E+12,1.03609E+12,1.88264E+11,1.57384E+11,14181586334,1.57263E+12,1.57263E+12,HOSE,402,1,CTHĐQT,1970,1,1,4782694,0,2004,1,0,0,0,,0,0,402,5,9230,0.030766706,0,0,0,0,11232181,37.44,0,0,0
5.08425E+12,3.84758E+12,1.23667E+12,2.84534E+11,2.22745E+11,18351580996,1.97318E+12,1.97318E+12,HOSE,402,1,CTHĐQT,1970,1,1,7174041,0,2004,1,0,0,0,,0,0,402,8,93898,0.208663103,0,0,0,0,18392366,42.27,0,0,0
1.11343E+13,2.87925E+12,8.25501E+12,8.70616E+11,7.12474E+11,16399612456,9.39536E+12,9.29711E+12,HOSE,511,1,CTHĐQT,1967,2,1,170500,0,2013,1,0,0,0,,0,0,511,5,83464391,21.32457614,0,0,0,0,0,0,233204253,59.59,59.59
1.14403E+13,3.27887E+12,8.16144E+12,4.67076E+11,3.8886E+11,1023537807,7.75708E+12,7.68354E+12,HOSE,511,1,CTHĐQT,1962,2,1,0,0,,1,0,0,0,,0,0,511,6,74207211,18.95943051,0,0,0,0,0,0,233204253,59.58,59.58
3.65959E+12,1.21412E+12,2.44546E+12,3.01644E+11,2.35038E+11,10700663148,1.03008E+12,1.03005E+12,HOSE,511,1,CTHĐQT,1965,2,1,1600,0,,1,0,0,0,,0,0,511,5,8244570,19.1734186,0,0,2944680,7.34,0,0,24000000,59.81,0
3.73726E+12,1.4594E+12,2.27786E+12,2.43868E+11,1.91164E+11,28653838975,1.03325E+12,1.03308E+12,HOSE,511,1,CTHĐQT,1965,2,1,1600,0,,1,0,0,0,,0,0,511,5,6415970,14.92086047,0,0,2944680,7.34,0,0,24000000,55.81,0
,,,,,,,,HNX,601,1,CTHĐQT,1963,0,1,0,0,2015,1,0,0,0,,0,0,601,5,733136,2.358468518,0,0,0,0,0,0,0,0,0
,,,,,,,,HNX,,,,,,,,,,,,,,,,,601,,121161,0.38976998,0,0,0,0,0,0,0,0,0
1.86502E+12,7.80176E+11,1.08484E+12,1.12596E+11,89983243015,2211614510,1.19042E+12,1.18738E+12,HOSE,518,1,CTHĐQT/TGĐ,1971,2,1,2517993,1,2009,1,1,0,0,0,1,0,518,6,6048246,17.60287777,0,0,0,0,8874042,25.83,0,0,0
1.50204E+12,5.29578E+11,9.72466E+11,36905164137,29560680138,3914528921,8.30515E+11,8.2491E+11,HOSE,518,1,CTHĐQT/TGĐ,1971,2,1,2517993,1,2009,1,1,0,0,0,1,0,518,6,1076332,3.132567795,0,0,1759281,5.62,8874042,25.83,0,0,0
2.83265E+12,1.3075E+12,1.52515E+12,1.77456E+11,1.40949E+11,197321371,3.74914E+12,3.5511E+12,HOSE,512,1,CTHĐQT,1975,0,1,,0,,1,0,0,0,,0,0,512,7,28624643,24.09631727,0,0,7222325,6.1,0,0,59999358,50.51,50.51
2.70828E+12,1.07619E+12,1.63209E+12,3.13154E+11,2.50526E+11,757611818,4.03696E+12,3.85811E+12,HOSE,512,1,CTHĐQT,1975,2,1,0,0,,1,0,0,0,,0,0,512,7,27716676,23.33198771,0,0,7222325,6.1,0,0,59999358,50.51,50.51
2.19179E+12,1.41912E+12,7.72674E+11,70092520550,66275006738,-3092040551,1.62654E+11,1.62654E+11,HOSE,404,1,CTHĐQT/TGĐ,1984,1,1,300000,1,2015,1,1,0,0,0,1,0,404,7,279418,0.458062798,0,0,0,0,0,0,0,0,0
2.34215E+12,1.53171E+12,8.10437E+11,64774558548,54690675877,1354759064,3.6916E+11,3.66413E+11,HOSE,404,1,CTHĐQT/TGĐ,1984,1,1,1004810,1,2015,1,1,0,0,0,1,0,404,6,1022400,1.676067415,0,0,0,0,0,0,0,0,0
1.36838E+11,9024892151,1.27813E+11,55061371790,51779651612,-2840910,84341677350,84341677350,HOSE,301,1,CTHĐQT,1956,1,1,10000,0,2011,1,0,0,0,,0,0,301,5,65600,0.690526316,0,0,0,0,0,0,2890000,30.42,0
1.36118E+11,27177758501,1.0894E+11,59209367779,55679460823,0,89960985336,89960985336,HOSE,301,1,CTHĐQT,1956,1,1,10000,0,2011,1,0,0,0,,0,0,301,5,68310,0.719052632,0,0,0,0,0,0,2890000,30.42,0
1.33038E+11,17435336883,1.15603E+11,7889460567,6182658127,305959393,47022415079,47022415079,HNX,808,0,CTHĐQT,1976,1,1,1500000,0,2015,1,0,0,1,,0,0,808,5,26600,0.249303403,0,0,0,0,2780000,26.06,0,0,0
1.43639E+11,28052936786,1.15587E+11,10035505402,7978842391,339713259,49570318147,49570318147,HNX,808,0,CTHĐQT,1976,1,1,720000,0,2015,1,0,0,1,,0,0,808,5,11100,0.104032623,0,0,0,0,3120000,29.25,0,0,0
2.63961E+11,18207288930,2.45754E+11,1.20133E+11,95761594151,242454915,2.16601E+11,2.16601E+11,HOSE,1703,1,CTHĐQT,1953,1,1,41551,0,,1,0,0,0,,0,0,1703,6,2543419,21.04954983,0,0,0,0,0,0,4052434,33.54,0
2.76033E+11,27942069065,2.48091E+11,1.19669E+11,95240824018,46385981,2.19461E+11,2.19461E+11,HOSE,1703,1,CTHĐQT,1953,1,1,41551,0,,1,0,0,0,,0,0,1703,6,2602223,21.53621668,0,0,0,0,0,0,4052434,33.54,0
3.7642E+11,24099798324,3.5232E+11,7400970337,7389695254,-11629041587,2.13395E+11,2.13395E+11,HNX,901,1,CTHĐQT,1982,0,1,3230000,0,,1,0,0,0,,0,0,901,5,15800,0.048916409,0,0,0,0,3230000,10,0,0,0
4.94031E+11,1.30781E+11,3.63249E+11,-6408147982,-6490047635,-1149810777,42644409057,42644409057,HNX,901,1,CTHĐQT,1982,0,1,0,0,,1,0,0,0,,0,0,901,5,16100,0.049845201,0,0,0,0,3230000,10,0,0,0
3.94914E+11,2.13156E+11,1.81758E+11,5157682123,4118222781,1456758007,36277811759,30914781715,HOSE,405,1,CTHĐQT,1955,1,1,661320,0,2007,1,0,0,0,,0,1,405,5,17380,0.101046512,0,0,0,0,6442270,37.44,0,0,0
4.63893E+11,2.75951E+11,1.87942E+11,7889315212,6286762996,1683644007,54219846647,53063135677,HOSE,405,1,CTHĐQT,1955,1,1,1661320,0,2007,1,0,0,0,,0,1,405,5,19250,0.111918605,0,0,0,0,6788781,39.47,0,0,0
5.79334E+11,3.18292E+11,2.61042E+11,35755855141,28509652875,-166146330,4.58646E+11,4.58138E+11,HNX,401,1,CTHĐQT/GĐ,1958,1,1,4460000,1,2001,1,1,0,0,0,1,0,401,5,189940,0.863363636,0,0,0,0,6100000,27.73,0,0,0
1.69954E+12,1.25087E+12,4.48675E+11,84317338907,80701699637,-21675595,2.01962E+11,2.0193E+11,HNX,401,1,CTHĐQT,1958,1,1,7198000,0,2001,1,0,0,0,,0,0,401,5,16694,0.067914251,0,0,0,0,8428000,34.28,0,0,0
2.43956E+13,1.70469E+13,7.34869E+12,5.83628E+11,4.62941E+11,4458224256,1.14989E+13,1.14989E+13,HNX,301,1,CTHĐQT,1962,2,1,10000,0,2010,1,0,0,0,,0,0,301,5,,,0,0,0,0,0,0,677808500,99.67,99.67
2.1932E+13,1.44365E+13,7.49549E+12,5.99926E+11,5.62963E+11,16131087465,1.25844E+13,1.25844E+13,HNX,301,1,CTHĐQT,1962,2,1,10000,0,2010,1,0,0,0,,0,0,301,5,,,0,0,0,0,0,0,677808500,99.68,99.68
2.82621E+12,1.69633E+12,1.12988E+12,-14085706650,-17249184562,-3330861123,3.46461E+12,3.45828E+12,HOSE,514,1,CTHĐQT,1963,1,1,29220213,0,2001,1,0,0,0,,0,1,514,3,7741,0.012600185,0,0,0,0,43364543,71.52,11052389,18.22,0
2.79338E+12,1.80397E+12,9.89411E+11,-1.37243E+11,-1.40469E+11,-48967880769,2.5172E+12,2.5132E+12,HOSE,514,1,CTHĐQT/TGĐ,1963,1,1,29220213,1,2001,1,1,0,0,0,1,0,514,3,7731,0.012583908,0,0,0,0,43364543,70.52,11052389,17.99,0
1.77527E+11,57287031780,1.2024E+11,6367408526,5059395816,-115599947,1.43492E+11,1.43492E+11,HOSE,512,1,CTHĐQT,1955,1,1,1157000,0,1994,1,0,0,0,,0,0,512,5,20186,0.247625684,0,0,0,0,5369400,65.87,0,0,0
1.68725E+11,46554773758,1.2217E+11,9375660340,7420782175,-264312463,1.67011E+11,1.66938E+11,HOSE,512,1,CTHĐQT,1955,1,1,1242530,0,1994,1,0,0,0,,0,0,512,5,24616,0.301969376,0,0,0,0,5369400,65.87,0,0,0
71134890323,30194095138,40940795185,1636880017,1309061260,-40850636,44482262080,44482262080,,,,,,,,,,,,,,,,,,511,,,,0,0,0,0,0,0,0,0,
89180296510,44631323138,44548973372,4889886642,3753084508,-287724185,1.2408E+11,1.2408E+11,,,,,,,,,,,,,,,,,,511,,,,0,0,0,0,0,0,0,0,
1.16781E+12,1.01798E+11,1.06601E+12,3.17037E+11,2.87741E+11,659856498,6.38725E+11,6.38725E+11,HOSE,808,1,CTHĐQT,1967,1,1,0,0,2008,1,0,0,0,,0,0,808,5,6011260,15.02815,0,0,2062630,5.16,0,0,27880000,69.7,0
1.27862E+12,1.07476E+11,1.17115E+12,3.02273E+11,2.47631E+11,2162648832,5.59892E+11,5.59892E+11,HOSE,808,1,CTHĐQT,1967,1,1,0,0,2008,1,0,0,0,,0,0,808,5,5479220,13.69805,0,0,2062630,5.16,0,0,27880000,69.7,0
1.37287E+13,7.52962E+12,6.19909E+12,2.10178E+12,1.72279E+12,-5501038880,4.6455E+12,4.64532E+12,HOSE,405,1,CTHĐQT/TGĐ,1976,1,1,32460440,1,2003,1,1,0,0,0,1,0,405,5,168098425,48.01832404,0,0,0,0,32460440,9.27,19157477,5.47,0
1.98805E+13,1.06527E+13,9.22782E+12,2.38851E+12,1.88622E+12,78724345252,5.81479E+12,5.81358E+12,HOSE,405,1,CTHĐQT/TGĐ,1976,1,1,60187173,1,2003,1,1,0,0,0,1,0,405,5,236866012,45.54811958,0,0,0,0,60187173,11.57,0,0,0
3.89097E+11,21926684060,3.6717E+11,41374380905,33908074095,129414890,92321151727,92321151727,HNX,808,1,CTHĐQT,1972,0,1,6270000,0,,1,0,0,0,,0,0,808,4,9797650,37.70208112,0,0,8247262,31.73,6270000,24.13,6270000,24.13,0
4.32693E+11,24956536920,4.07736E+11,50951602968,41266309562,18526486,1.18551E+11,1.18551E+11,HNX,808,1,CTHĐQT,1972,0,1,6270000,0,,1,0,0,0,,0,0,808,4,10084860,38.80728642,0,0,2863277,11.02,6270000,24.13,0,0,0
,,,,,,,,,,,,,,,,,,,,,,,,,,,,,,,,,,,,,
8.99314E+12,3.91461E+12,5.07853E+12,2.04847E+12,1.63294E+12,36693286784,4.09195E+12,4.09073E+12,,,,,,,,,,,,,,,,,,,,,,,,,,,,,,
1.60636E+11,43512277303,1.17124E+11,227602642,150953284,3939345373,3.37932E+11,3.29158E+11,HOSE,601,1,CTHĐQT,1962,0,1,0,0,2018,1,0,0,0,,0,0,601,5,36910,0.372828283,0,0,0,0,0,0,6514700,65.8,65.8
1.38705E+11,28329696206,1.10376E+11,-6890118218,-6890118218,1609711913,2.54128E+11,2.48966E+11,HOSE,601,1,CTHĐQT,1962,0,1,0,0,2018,1,0,0,0,,0,0,601,5,41920,0.423434343,0,0,0,0,0,0,6514700,65.81,65.81
1.41695E+11,87986656520,53707977583,-14892170967,-14903774418,-256179685,71507362506,71507362506,HNX,516,1,CTHĐQT/TGĐ,1962,1,1,1087123,1,2001,1,1,0,0,0,1,0,516,5,541938,10.04335631,0,0,0,0,1376424,25.51,390000,7.23,0
1.74964E+11,1.20135E+11,54828457626,4091735550,1146471370,15521115968,96692520338,96692520338,HNX,516,1,CTHĐQT,0,0,1,224400,0,,1,0,0,0,,0,0,516,5,539138,9.991465877,0,0,0,0,1526424,28.29,791000,14.66,0
,,,,,,,,HOSE,,,,,,,,,,,,,,,,,1004,,0,0,0,0,0,0,0,0,0,0,
,,,,,,,,HOSE,,,,,,,,,,,,,,,,,1004,,,,0,0,0,0,0,0,0,0,
,,,,,,,,HNX,,,,,,,,,,,,,,,,,301,,,,0,0,0,0,0,0,0,0,
,,,,,,,,HNX,301,1,CTHĐQT,1962,1,1,30000,0,2014,1,0,0,0,,0,0,301,3,7595000,49,0,0,0,0,939472,6.06,11945974,77.07,0
1.54083E+11,26401318901,1.27682E+11,15021319057,12045548204,-307546,1.8477E+11,1.8477E+11,HNX,901,1,CTHĐQT,1974,2,1,17300,0,2003,1,0,0,0,,0,0,901,7,866240,8.476357515,0,0,765000,7.49,2392400,24.01,3697600,36.45,25.35
1.5072E+11,22717189043,1.28003E+11,13055563946,10286487441,-10632298,1.70372E+11,1.70372E+11,HNX,901,1,CTHĐQT/Phó TGĐ,1964,1,1,358383,1,2009,1,1,0,0,,0,0,901,7,854440,8.360891802,0,0,0,0,2410200,24.18,3697600,36.45,25.35
41514873958,9588227641,31926646317,4397893447,3380912275,-26186395,62716545888,61215922052,HNX,901,1,CTHĐQT,1964,2,1,0,0,,1,0,0,0,,0,,901,5,486800,26.17204301,0,0,477000,27.1,233800,13.28,862600,49,22.19
42498297458,8811542784,33686754674,5327001850,4224108357,54574426,64178731902,62781118003,HNX,901,1,CTHĐQT,1964,2,1,0,0,,1,0,0,0,,0,,901,5,99300,5.338709677,0,0,89200,5.07,622100,35.35,862600,49,22.19
,,,,,,,,HOSE,1001,1,CTHĐQT,1951,1,1,0,0,,1,0,0,0,,0,0,1001,10,370631921,29.9979806,0,0,185329207,15,0,0,0,0,0
,,,,,,,,HOSE,1001,1,CTHĐQT,1962,2,1,0,0,2015,1,0,0,0,,0,0,1001,10,370282555,29.96970382,0,0,185329207,15,0,0,0,0,0
4.46113E+11,1.83902E+11,2.62211E+11,52786473295,40947453996,-819697378,6.17413E+11,5.99103E+11,HNX,901,1,CTHĐQT,1967,0,1,0,0,,1,0,0,0,,0,0,901,5,3519137,23.46091333,781600,5.21,0,0,0,0,6782789,45.21,40.16
4.68084E+11,1.85068E+11,2.83016E+11,57100013879,45363135395,345957909,6.67193E+11,6.5259E+11,HNX,901,1,CTHĐQT,1967,0,1,0,0,,1,0,0,0,,0,0,901,5,3624347,24.16231333,781600,5.21,0,0,0,0,6782789,45.22,40.16
1.05646E+12,2.63747E+11,7.92714E+11,12471654564,8982712517,796695678,4.1229E+11,4.1229E+11,HOSE,905,1,CTHĐQT/TGĐ,1971,1,1,4227306,1,1995,1,1,0,0,0,1,0,905,7,11496771,22.57445049,0,0,7448579,14.67,10183258,20,11961757,23.6,0
1.41336E+12,5.8977E+11,8.23586E+11,39083062116,30711481935,4699998587,8.7478E+11,8.7476E+11,HOSE,905,1,CTHĐQT/TGĐ,1971,1,1,4227306,1,1995,1,1,0,0,0,1,0,905,7,10250430,20.12720133,0,0,7448579,14.63,10183258,20,11952155,23.47,0
2.91599E+11,1.70154E+11,1.21444E+11,826302360,632471617,794094929,2.94702E+11,2.94702E+11,HOSE,518,1,CTHĐQT,1961,1,1,8,0,1999,1,0,0,0,,0,0,518,4,4120,0.035910398,0,0,0,0,2376689,20.72,0,0,0
3.42383E+11,1.81661E+11,1.60723E+11,1622437484,1249931563,74037839,4.23087E+11,4.23087E+11,HOSE,518,1,CTHĐQT,1961,1,1,8,0,1999,1,0,0,0,,0,0,518,5,5350,0.034973417,0,0,0,0,5864534,39.77,0,0,0
1.49011E+12,5.81128E+11,9.08985E+11,95709154711,76212394656,1230927522,1.18292E+12,1.18072E+12,HOSE,505,1,CTHĐQT/TGĐ,1964,1,0,7006800,1,2007,1,1,0,0,0,1,0,505,7,26296326,62.64046735,7006800,18.42,5246950,13.79,0,0,0,0,0
1.53763E+12,5.99106E+11,9.38528E+11,93972257447,71888267837,696100778,1.00785E+12,1.0042E+12,HOSE,505,1,CTHĐQT/TGĐ,1964,1,0,7006800,1,2007,1,1,0,0,0,1,0,505,7,26996306,64.30788942,7006800,16.7,6067690,14.5,0,0,0,0,0
7.60463E+11,91968725865,6.68494E+11,34081482889,27106611475,-216356475,5.53682E+11,5.53682E+11,HOSE,405,1,CTHĐQT,1972,2,1,15200000,0,2011,1,0,0,0,,0,0,405,5,204530,0.340883333,0,0,0,0,19700000,32.83,0,0,0
8.4899E+11,1.24132E+11,7.24858E+11,23179523153,18252085940,-772108313,5.85252E+11,5.85252E+11,HOSE,405,1,CTHĐQT/TGĐ,1972,2,1,15200000,1,2011,1,1,0,0,0,1,0,405,5,1120810,1.868016667,0,0,0,0,19700000,32.83,0,0,0
,,,,,,,,HNX,1002,1,CTHĐQT/TGĐ,1969,2,1,6000000,1,2007,1,1,0,0,0,1,0,1002,6,,,0,0,0,0,44117000,73.53,3300000,5.5,5.5
,,,,,,,,HNX,1002,1,CTHĐQT/TGĐ,1969,2,1,6000000,1,2007,1,1,0,0,0,1,0,1002,6,0,0,0,0,0,0,44117000,73.53,3300000,5.5,5.5
9.34969E+11,3.8695E+11,5.48019E+11,48167843191,36712430509,-7782548867,8.86132E+11,8.84187E+11,HOSE,513,1,CTHĐQT,1954,1,1,25000,0,2008,1,0,0,0,,0,0,513,5,1047715,2.555402439,0,0,0,0,0,0,25401494,61.95,0
9.05906E+11,3.36385E+11,5.69521E+11,57587394634,47443559616,1503691655,7.50844E+11,7.50544E+11,HOSE,513,1,CTHĐQT,1954,1,1,25000,0,2008,1,0,0,0,,0,0,513,5,1052435,2.566914634,0,0,0,0,0,0,25401494,61.95,0
4.72325E+12,2.78904E+12,1.93421E+12,3.06282E+11,2.48699E+11,35041465705,2.84628E+12,2.84555E+12,HOSE,403,1,CTHĐQT,1973,2,1,5876467,0,2003,1,0,0,0,,0,0,403,9,33268200,35.26244576,0,0,23144063,24.54,5876467,6.23,0,0,0
5.64746E+12,3.19163E+12,2.45583E+12,2.76591E+11,2.11561E+11,-4574918449,3.09165E+12,3.09119E+12,HOSE,403,1,CTHĐQT,1973,2,1,5876467,0,2003,1,0,0,0,,0,0,403,9,58943529,49.30908052,0,0,43436219,36.33,6170290,5.16,0,0,0
9.44376E+11,3.89076E+11,5.553E+11,-33845446903,-35526616308,-945239798,3.98118E+11,3.97982E+11,HOSE,404,1,CTHĐQT/TGĐ,1957,2,1,0,1,2018,1,1,0,0,0,1,0,404,5,244794,0.63368904,0,0,0,0,0,0,19949338,51.64,0
9.51847E+11,3.4084E+11,6.11008E+11,68380406394,65756214537,-1263372907,4.45776E+11,4.45776E+11,HOSE,404,1,CTHĐQT,1957,2,1,0,0,2018,1,0,0,0,,0,0,404,5,31254,0.080906057,0,0,0,0,0,0,19949338,51.64,0
