const,SIZE,ROE,ROA,ROS,LEV,FOR,GOV,CHAIR,Duality,CEO1,BSIZE
1.0,29.649805925901433,0.07118496770405168,0.028176943806555037,0.02648032782588182,0.6041728371121916,10.0,0.0,0.0,0.0,0.0,5.0
1.0,26.161166869109685,0.045310260729689765,0.04170843794328554,0.04394325532840963,0.07949235280202123,1.0,0.0,0.0,1.0,0.0,5.0
1.0,26.150451239554314,0.03930109101057162,0.03652109005397612,0.038445138190466493,0.0707339647440969,1.0,0.0,0.0,1.0,0.0,5.0
1.0,26.68980480682987,0.18502186654488176,0.09423451856835652,0.07832426539711891,0.4906844238029696,0.0,0.0,0.0,0.0,0.0,6.0
1.0,27.10124200424547,0.08256435621585981,0.05232280383873899,0.056266376943478386,0.3662785463748546,27.0,0.0,0.0,0.0,0.0,6.0
1.0,28.010272288154002,0.5700832317576021,0.28512534706852843,0.29920107761623854,1.59935616272987,3.0,0.0,1.0,1.0,1.0,6.0
1.0,28.181152064652757,0.014822615527513454,0.006165291369530587,0.004904123587056281,0.9903229168217481,0.0,0.0,0.0,1.0,0.0,6.0
1.0,27.036547543410382,0.04111854558171088,0.018749307123645795,0.019326786788286667,0.11949096284535207,8.0,28.0,0.0,0.0,0.0,5.0
1.0,27.37233069462727,0.10002547329003642,0.02326018672670005,0.02364677884924405,0.19077174239102845,8.0,28.0,0.0,0.0,0.0,5.0
1.0,26.249192767312255,0.019867179369392057,0.013581502235196692,0.003614988956306582,0.07171095853243527,3.0,13.0,0.0,0.0,0.0,5.0
1.0,26.224911727435597,0.019034876167970203,0.010881650806541444,0.003963536001226618,0.03851683170263528,3.0,13.0,0.0,0.0,0.0,5.0
1.0,25.177075781003246,0.051004528667659366,0.042966693149463005,0.06894146561154205,0.15540765264675313,4.0,40.0,0.0,0.0,0.0,6.0
1.0,25.250449190647682,0.04219010563854437,0.03707107276770232,0.045079853238866395,0.17612028539953895,5.0,40.0,0.0,0.0,0.0,5.0
1.0,27.202828687776876,4.676868104575671,2.553418227941321,1.5179616283734247,0.9487353611173454,1.0,0.0,1.0,1.0,1.0,5.0
1.0,27.494031177996593,4.54770654018544,2.425412691244464,1.611951773294246,0.8690573080915015,2.0,0.0,1.0,1.0,1.0,3.0
1.0,30.11388401200731,2.101035187972035,1.8381244955392628,2.6572551664167383,9.572201950018874,1.0,0.0,0.0,1.0,0.0,9.0
1.0,30.378054822565357,1.0401153117826965,0.9442291614820999,1.689327878337731,10.659018164428272,2.0,0.0,1.0,0.0,0.0,5.0
1.0,27.8874214777842,0.006451940755116873,0.0030910859979959085,0.0041652704944115816,0.07734274143042044,7.0,0.0,0.0,0.0,0.0,5.0
1.0,28.94407251528072,0.04019441848213308,0.016241031526708256,0.01780818065495859,0.1621320441386739,14.0,65.0,0.0,0.0,0.0,5.0
1.0,28.83625212837856,0.17885689522613338,0.14901599499599139,0.11475475701764426,3.2790894596031026,14.0,65.0,0.0,0.0,0.0,5.0
1.0,26.986662194774315,0.007995906002599092,0.005894332294848742,0.004513563813004496,0.42013187457151063,2.0,0.0,1.0,0.0,0.0,5.0
1.0,28.664988211103125,0.4660284536630767,0.340822865523178,0.30073987593715273,0.2857759994898935,77.0,0.0,0.0,0.0,0.0,5.0
1.0,28.678308530763115,1.1549405818877203,0.32714989901491176,1.2367473386438566,0.29453906691326115,81.0,0.0,0.0,0.0,0.0,5.0
1.0,26.308606308875113,0.01428366919686417,0.004567854011566913,0.0026608100872938896,0.018050051580632144,0.0,20.0,0.0,0.0,0.0,4.0
1.0,26.317921452911705,0.016972267818872244,0.005865563034040144,0.0031922896132528214,0.01951772126033324,0.0,20.0,0.0,0.0,0.0,5.0
1.0,28.26733865212735,0.8694316922589836,0.26153383149301235,0.22610392497509324,1.526509574303951,10.0,0.0,0.0,0.0,0.0,5.0
1.0,27.385988487194123,0.037677047235343264,0.032873297400256025,0.02358540247293119,0.10351006329564043,30.0,0.0,0.0,1.0,0.0,5.0
1.0,27.520710591388656,0.030704926723174368,0.026604019586232548,0.01748054371089193,0.13464355014719764,31.0,0.0,0.0,1.0,0.0,5.0
1.0,28.40311347902467,0.2165037709162947,0.16198928625356954,0.1852940108467039,6.908938763410396,0.0,0.0,0.0,0.0,0.0,5.0
1.0,28.28342442391664,0.017362855919232353,0.013158034842091566,0.013113038524237888,6.065208097105787,0.0,0.0,0.0,0.0,0.0,5.0
1.0,26.157315297797687,0.004785910951299984,0.0027560065027440977,0.004703944579738946,0.06499039433503924,0.0,0.0,0.0,0.0,0.0,5.0
1.0,25.746764706025548,0.006483290653962261,0.004072049826301715,0.004412241841366794,0.007921551793263905,0.0,53.0,0.0,0.0,0.0,7.0
1.0,25.75126942520376,0.008066526621912573,0.004610233851372779,0.0051473079067413195,0.00645470039059534,0.0,53.0,0.0,0.0,0.0,7.0
1.0,28.879440378463425,1.2848092647268181,0.19181579178391067,0.4650421640319748,0.9305915565843764,0.0,0.0,0.0,0.0,0.0,7.0
1.0,29.03099153203128,1.7103315217579556,0.257152305809442,0.5519337819409358,1.2794833736947635,0.0,0.0,0.0,0.0,0.0,5.0
1.0,27.4103158396044,0.30322487932364783,0.1406767533558878,0.16172277619138428,1.1596202117210521,5.0,0.0,0.0,1.0,0.0,5.0
1.0,27.5648385774681,0.2701794768560014,0.12218277657560106,0.10895714251375488,1.141688284615741,5.0,0.0,0.0,1.0,0.0,4.0
1.0,27.656016121817846,0.23215592703544619,0.22268279421094891,0.5100807576668027,4.912756183280463,0.0,0.0,0.0,0.0,0.0,5.0
1.0,27.469582778851017,0.23140032247849804,0.22263571005975313,0.4879751690936968,3.702105773514689,0.0,0.0,0.0,0.0,0.0,5.0
1.0,29.71512178698911,0.4132626211116777,0.17441482080904952,0.07112136147268208,1.2544686541380785,16.0,0.0,0.0,0.0,0.0,5.0
1.0,26.874499536377837,0.018212200519308257,0.0071782050775817,0.0032233811882843707,0.018784118860786965,3.0,0.0,0.0,0.0,0.0,5.0
1.0,27.4705894184105,0.004326677652788577,0.002893503075616651,0.007032891960126446,0.6431798372223808,0.0,0.0,0.0,0.0,0.0,6.0
1.0,25.520485113486966,-0.004977862740668223,-0.00135385573728921,-0.003178815161709173,0.061673050763183815,1.0,0.0,0.0,1.0,0.0,5.0
1.0,25.45450463817766,0.00011699496981187516,3.930552731811136e-05,7.057613785274015e-05,0.065180727468772,1.0,0.0,0.0,1.0,0.0,5.0
1.0,27.154852924754934,-9.04011312828207e-05,-4.1230944862492165e-05,-7.283171547565411e-05,0.046617421640936824,2.0,0.0,0.0,0.0,0.0,4.0
1.0,27.498977758487463,0.20545208885469,0.17210535020754492,0.27604523868129915,1.572323224574682,0.0,0.0,0.0,0.0,0.0,5.0
1.0,27.984350469616185,0.23141546646784295,0.09127991721062814,3.1876564578314226,1.2671523968742955,2.0,0.0,0.0,0.0,0.0,6.0
1.0,27.45124112661399,0.18159028120884377,0.025455703503767,0.10886198916180154,0.06640387857408508,22.0,0.0,1.0,0.0,0.0,5.0
1.0,28.47616379844456,5.523742552529303,2.6411741889694897,15.970850401413172,6.924529391861223,26.0,0.0,0.0,0.0,0.0,6.0
1.0,28.61742355982076,6.7747076699349105,3.462260657992172,7.678222154126022,6.907419161465496,28.0,0.0,0.0,0.0,0.0,5.0
1.0,28.984099896937007,0.05339455381007636,0.02118714022335666,0.04676259028404528,4.302537675538791,3.0,51.0,0.0,0.0,0.0,5.0
1.0,28.970229110591,0.3789228884682628,0.05985343925103532,0.049378411199397475,2.9385726170057618,2.0,51.0,0.0,0.0,0.0,4.0
1.0,27.751281081459823,0.7381092002740458,0.17857494030060403,0.2673183112333514,0.20043264503441494,20.0,65.0,0.0,0.0,0.0,5.0
1.0,26.967646307035583,0.05387131955405003,0.034644615466560696,0.015910018287956993,0.3496685634397585,6.0,0.0,0.0,0.0,0.0,5.0
1.0,30.453774057890904,2.782360569731713,1.801014494827364,0.7089828622928196,10.565353117651828,45.0,0.0,0.0,0.0,0.0,7.0
1.0,30.415958281349194,8.221505506660444,4.438459905601478,2.2063230483709786,48.256311964638016,48.0,0.0,0.0,0.0,0.0,7.0
1.0,29.119483903405822,0.08626547769332009,0.05517736040303912,0.07614480968242866,1.2713813882172047,24.0,0.0,0.0,0.0,0.0,7.0
1.0,29.141001058357435,0.04425079856956197,0.03132079367721148,0.03632062406256622,1.144847980847041,24.0,0.0,0.0,0.0,0.0,7.0
1.0,27.03130598896115,0.011699282914703032,0.003618525689526842,0.0035974578032261216,0.11757957470563303,0.0,20.0,1.0,1.0,1.0,7.0
1.0,25.440308291037805,0.010769270889003497,0.0035020830648162223,0.003133276364476143,0.007431476971818806,31.0,45.0,1.0,0.0,0.0,5.0
1.0,27.953039395579612,0.06405364656458737,0.04784568118000691,0.03397913186652645,0.6749217496165066,4.0,0.0,0.0,1.0,0.0,5.0
1.0,28.10981722776196,0.2384010381024137,0.10319773771427462,0.09127765024837778,1.8285104152511114,4.0,0.0,0.0,1.0,0.0,5.0
1.0,27.943939555548404,0.00646954691145609,0.0030620814586491195,0.0018036442334450245,0.04995107917090191,0.0,0.0,0.0,0.0,0.0,8.0
1.0,28.085498585740666,0.007352468952549849,0.0038442281430105933,0.002623852140184553,0.060868829789860975,0.0,0.0,0.0,0.0,0.0,5.0
1.0,27.991725929026156,0.11087945799974151,0.036793385519651126,0.17774000161378609,0.1227206858257266,0.0,13.0,0.0,1.0,0.0,7.0
1.0,28.1137867137265,0.09763978992894655,0.031419993637665025,0.17853784924073055,0.1519990544863298,0.0,13.0,0.0,0.0,1.0,7.0
1.0,27.14877485050419,0.22527828454645246,0.038580891979131754,0.10798684104582627,0.6878215123650194,4.0,0.0,0.0,0.0,0.0,7.0
1.0,27.294126390071327,0.3071401766837969,0.2292585089102891,0.14910982699141034,4.2572672729061045,8.0,0.0,0.0,0.0,0.0,7.0
1.0,24.71858328620044,-0.017280766123844833,-0.007748574757049373,-0.006874597061092751,0.026122362280148706,0.0,0.0,0.0,0.0,0.0,5.0
1.0,25.796544106768643,0.010432527626170893,0.0043448753625792225,0.004288261060632001,0.08325661501861684,0.0,0.0,0.0,0.0,0.0,3.0
1.0,26.578274719912624,0.026206038635721157,0.010101286538785002,0.008704743681268473,0.1496178907569785,0.0,0.0,0.0,0.0,0.0,5.0
1.0,27.21430343441733,0.043495377418134244,0.01627191239153204,0.010281260026391044,0.20405814580886786,0.0,0.0,0.0,0.0,0.0,5.0
1.0,28.430031685684224,0.12297143447399327,0.07635916170503507,0.07817518664972663,1.0157006009732699,11.0,0.0,0.0,1.0,0.0,5.0
1.0,26.761749933992157,0.07173593311049342,0.04127878282866928,0.05301794481624436,0.02028281633210947,10.0,0.0,0.0,0.0,0.0,5.0
1.0,26.779098578187142,0.2832739331078714,0.11002716616590676,0.08750534234920095,0.06401618735331514,10.0,0.0,0.0,0.0,0.0,5.0
1.0,28.22558476510969,0.5638347963542192,0.18784174435281462,0.17056984644186182,1.3589548225170311,33.0,0.0,0.0,1.0,0.0,6.0
1.0,28.379262358798066,9.924696241560607,3.341510450442942,2.1360951829468293,18.308528595417105,37.0,0.0,0.0,1.0,0.0,6.0
1.0,29.067523682940344,25.724805179979477,4.077027120108706,3.418920692932571,6.648215057264695,49.0,43.0,0.0,0.0,0.0,7.0
1.0,29.053362891379784,4.37196046790268,1.808890531781373,1.9671642256154565,2.2043423940764173,54.0,43.0,1.0,0.0,0.0,7.0
1.0,25.994427810749077,0.048905234684360595,0.02505647039245639,0.04078874102481788,0.054555384150957134,7.0,0.0,0.0,0.0,0.0,5.0
1.0,26.070744727272793,0.015768863385689627,0.00543619178308311,0.0020356660674675825,0.022243987683845026,6.0,0.0,0.0,0.0,0.0,5.0
1.0,29.734817408251786,0.9623047299605578,0.88686175782396,1.2484781126918518,9.988575026773555,36.0,0.0,0.0,0.0,0.0,7.0
1.0,29.79575234500737,0.0370814823416953,0.0336458772744108,0.043293998286715714,12.260134929230135,8.0,0.0,0.0,0.0,0.0,6.0
1.0,26.079970029194175,0.010248685008284191,0.004761529418288968,0.009312034559824918,0.06921158345473005,6.0,0.0,0.0,0.0,1.0,3.0
1.0,29.528802881789087,0.01095040831768514,0.00579491578872653,0.008564490721663905,2.329842708964264,2.0,0.0,0.0,0.0,0.0,5.0
1.0,29.657896184651804,0.00861802284734723,0.006442596819275504,0.006980009561246017,1.3125731105383789,1.0,0.0,0.0,0.0,0.0,7.0
1.0,24.436356627782896,0.0006371940012731121,0.0005189891528930603,0.0005522947581959325,0.000553174096054326,1.0,0.0,0.0,0.0,0.0,3.0
1.0,25.076668754391207,0.036665386201072604,0.029890911606950194,0.023044245765867107,0.1817874918722578,1.0,0.0,0.0,0.0,0.0,3.0
1.0,30.04105154982121,4.4357186437723355,3.3914736431230303,2.550726401787185,13.705623625510524,21.0,60.0,0.0,0.0,0.0,5.0
1.0,28.928372235208982,0.058621007868909704,0.02867285656252173,0.11109020957206463,0.14811344807941218,19.0,0.0,0.0,0.0,0.0,5.0
1.0,28.94937383853672,0.05489826687535,0.021941953063843365,0.06559539373226411,0.16751107060624912,15.0,0.0,0.0,0.0,0.0,5.0
1.0,28.254292892827415,1.03909667152916,0.4243992124277797,0.25286349015194304,3.6796415517038086,18.0,0.0,0.0,1.0,0.0,6.0
1.0,28.6722337851984,0.08065889543168123,0.021128363023678324,0.0646311937711503,0.19599525114374283,24.0,51.0,0.0,0.0,0.0,7.0
1.0,28.415739677505215,0.032021552272309996,0.008731505315052178,0.023677171221566855,0.186964203137413,0.0,0.0,0.0,1.0,0.0,7.0
1.0,28.482090426875473,1.4136940576848236,1.3345610613271872,0.8331329463567911,37.37676469464024,2.0,0.0,0.0,1.0,0.0,6.0
1.0,25.642063581339535,1.2223978166426372,0.666039919280182,0.6408610336413909,0.11608688457014156,1.0,0.0,0.0,0.0,0.0,5.0
1.0,25.63678799355316,0.006744929542544467,0.005000714981902769,0.005988899864904255,0.0024409040982369796,1.0,0.0,0.0,0.0,0.0,5.0
1.0,30.250509648050166,0.7044850457582622,0.4707603857262699,1.672530459686423,2.057503709431931,48.0,0.0,0.0,1.0,0.0,5.0
1.0,30.62076046774613,0.8280666941778687,0.504706656748527,1.8258218143802998,2.850403771747216,46.0,0.0,0.0,1.0,0.0,5.0
1.0,26.687094506806964,0.031256290416098224,0.018181078001844483,0.02855705342434604,0.011756809074433518,38.0,0.0,0.0,0.0,0.0,4.0
1.0,26.793294306556216,0.027057213757335344,0.014568093326743508,0.011620711768747712,0.008810314341694173,39.0,0.0,0.0,0.0,0.0,4.0
1.0,26.82383812010413,0.32037002492704186,0.2992403717973078,0.48549489745238034,1.3439395489556993,23.0,40.0,0.0,0.0,0.0,5.0
1.0,26.87191360393765,0.416404767716174,0.3332633112079225,0.5042534297014517,1.3596144521665026,24.0,40.0,0.0,0.0,0.0,5.0
1.0,27.68594481242445,0.0014490372807944392,0.0006543017559564999,0.0019337123205721027,0.019211360143349333,23.0,0.0,0.0,1.0,0.0,7.0
1.0,27.976990964250835,0.0033281405505308946,0.0015448043024571816,0.005282714254383702,0.029665752873418678,20.0,0.0,0.0,1.0,0.0,7.0
1.0,28.061263385898222,0.19579014580984286,0.18475667465182205,0.7786760291896981,1.5397343078975165,64.0,0.0,0.0,1.0,0.0,7.0
1.0,27.467313244625377,0.044764470000196205,0.042182531124839086,0.15395978051640222,0.28688238543262773,2.0,0.0,0.0,1.0,0.0,5.0
1.0,29.18351823789984,7.789700099743176,5.990599905267813,4.06265219347251,67.18170463004734,35.0,0.0,0.0,0.0,0.0,9.0
1.0,29.362227002483497,6.28024284462422,4.978105304314377,3.3698189317031684,75.10018496986162,49.0,0.0,0.0,0.0,0.0,9.0
1.0,27.581670144536137,0.2507759572901213,0.14739811334123865,0.10975777877426753,0.7640216716392484,0.0,0.0,0.0,0.0,0.0,5.0
1.0,26.83299552570123,0.3281252575190095,0.19839323258645883,0.14230174823702477,0.2815990292340691,0.0,0.0,0.0,1.0,0.0,5.0
1.0,30.884850871860273,0.5929402028978925,0.4449122541317229,1.1400519052123506,15.968990780531207,7.0,0.0,0.0,0.0,1.0,4.0
1.0,31.097153814994222,0.8449949367764872,0.49239118129846604,0.7955622113493986,14.41097809475293,3.0,0.0,0.0,0.0,1.0,5.0
1.0,31.02408887490869,3.445821541818678,2.103236799490124,3.2204740091615216,9.743631432789423,49.0,6.0,0.0,0.0,0.0,7.0
1.0,31.13940334813722,5.396519042350364,4.607486542833249,6.68380458332479,19.546637769585036,49.0,6.0,0.0,0.0,0.0,7.0
1.0,29.2734430258809,0.17978761354764994,0.07362451701688456,0.12220730614468205,0.8487587995553909,49.0,0.0,1.0,1.0,1.0,5.0
1.0,31.76801639953019,4.7676752869701895,2.0732506294865303,3.787732232570628,2.7883862833911173,3.0,96.0,0.0,0.0,0.0,6.0
1.0,31.761035221563024,19.779937414894732,12.697103631150805,27.111598650443273,13.199915532643377,4.0,96.0,0.0,0.0,0.0,6.0
1.0,27.641634593188158,0.3781316248174495,0.2674243753567724,0.3672235049395632,1.3994940217717233,12.0,0.0,0.0,0.0,0.0,7.0
1.0,27.659598854560254,0.011581393750090091,0.00403444666329333,0.008930394411716926,0.021072914292777325,14.0,0.0,0.0,0.0,0.0,7.0
1.0,29.945524898316123,0.05269038540807914,0.0191664245752467,0.03888097486169815,0.11097626879332265,49.0,0.0,0.0,0.0,0.0,11.0
1.0,31.994336277780622,0.25944906937394246,0.12882169297411375,0.16513494302884096,0.9382802759677522,0.0,97.0,0.0,0.0,0.0,7.0
1.0,31.50454027119573,0.00037170626157042257,0.00018699070497271982,0.0002252915178410362,0.9373064783704955,2.0,0.0,0.0,0.0,0.0,7.0
1.0,31.285115007054262,-1.5609655065284742,-0.3500223504983871,-0.11823535948438715,4.223121832469952,2.0,0.0,0.0,0.0,0.0,7.0
1.0,27.433059082061494,0.0007254415561662659,0.0005429955722166147,0.00044965834505333185,0.0018894854857668523,7.0,0.0,0.0,0.0,0.0,7.0
1.0,27.42263316333604,0.00041029947315804853,0.0003273913811620681,0.0002714048635363101,0.0019765418438438824,7.0,0.0,0.0,0.0,0.0,7.0
1.0,27.75921202351479,0.0008394271370190647,0.0003876725813933262,0.0004880609072858801,0.005061707878642043,0.0,0.0,0.0,0.0,0.0,4.0
1.0,30.447704471758808,1.0656442378684015,0.4012991381954545,0.19892147726715387,12.626772339141361,23.0,0.0,0.0,1.0,0.0,8.0
1.0,26.423468578663893,0.038210096472048406,0.01795130748306592,0.010568733807652036,0.12218972001671542,3.0,0.0,0.0,0.0,0.0,5.0
1.0,26.58980754555829,0.0027576414183388505,0.0017895580174705284,0.006852351453889841,0.015669423610905245,6.0,0.0,0.0,0.0,0.0,5.0
1.0,26.247239594979636,0.002094068702924888,0.0007317014170861791,0.006533383979436547,0.0007376763509272231,2.0,49.0,0.0,0.0,0.0,7.0
1.0,25.90715951889448,0.0003690697690495455,0.00016058033867857375,0.0029890625284277068,0.0006975634379861516,0.0,47.0,0.0,0.0,0.0,7.0
1.0,27.642850867682125,0.03452512019480093,0.025407959926448388,0.03990882258887582,0.3739242019831157,0.0,0.0,0.0,0.0,1.0,7.0
1.0,27.7706091301356,0.03255885441228042,0.02235296817251606,0.03683816242143327,0.39307046630990294,0.0,0.0,0.0,0.0,1.0,4.0
1.0,26.322335734135642,0.016260154912746478,0.013915298351659737,0.023978921386712596,0.1659517723649776,0.0,0.0,0.0,0.0,1.0,5.0
1.0,26.665821087789016,0.02308710692126045,0.01959232885531573,0.04219380909295879,0.20908815458213653,2.0,0.0,0.0,0.0,1.0,5.0
1.0,28.45574027070596,0.04308689686794286,0.03977797237435893,0.2770260350920185,1.4749861449545643,1.0,0.0,0.0,0.0,0.0,5.0
1.0,27.511592101391848,0.024795429224245914,0.0058717892044876895,0.0052759554869234865,0.027976652532996835,0.0,0.0,0.0,0.0,0.0,5.0
1.0,27.583555224522748,0.06582745022402366,0.03813978974535674,0.04978581439900088,2.008674329604453,2.0,0.0,0.0,0.0,0.0,5.0
1.0,26.291316404382687,0.058757709960761725,0.032364791757547605,0.03907381382711321,0.03909140168712786,18.0,0.0,0.0,0.0,0.0,5.0
1.0,26.248838290848372,0.004421083006217736,0.0010729857516280916,0.0036926852072365155,0.0014926665802861112,20.0,0.0,0.0,0.0,0.0,5.0
1.0,31.049783328770175,-3.0497401667766737,-2.61787343044899,-5.849864923902674,79.22347374006998,1.0,0.0,0.0,0.0,1.0,7.0
1.0,30.778637216224375,-16.142325065377605,-13.70363726061802,-27.393220157630807,75.9210880387496,0.0,0.0,0.0,0.0,1.0,7.0
1.0,28.148570087255045,0.04853548776779826,0.018835404978752843,0.019403117295959556,0.7289040419013737,3.0,74.0,0.0,0.0,0.0,5.0
1.0,28.056314994782,0.047571881843298316,0.01785058531048878,0.019572965411683928,0.5016315881022787,1.0,71.0,0.0,0.0,0.0,5.0
1.0,25.72537824756822,0.1466501572644726,0.0727505280947534,0.08007110295998762,0.10505216531877487,0.0,56.0,0.0,0.0,0.0,5.0
1.0,25.69718182010601,0.05966826536585366,0.03307619506073661,0.034220666195867104,0.07702206271609606,0.0,56.0,0.0,0.0,0.0,5.0
1.0,31.990584837882757,14.227260997300302,3.770120636145254,1.7645266652168383,16.482307867650928,39.0,0.0,0.0,0.0,0.0,9.0
1.0,32.253795435864994,18.059749154594265,8.539575649602728,1.980315094374136,60.83813091104958,38.0,0.0,0.0,0.0,0.0,9.0
1.0,29.53513111365275,0.11749576834544188,0.04351607509833345,0.009234350195595866,2.502445883837033,4.0,0.0,0.0,1.0,0.0,7.0
1.0,30.687603868144336,1.6490450300858848,1.5621613985789717,3.2935636550969156,61.48066416465908,16.0,0.0,0.0,0.0,0.0,6.0
1.0,30.4774061546196,1.541156852794043,1.4395570250567662,2.9095037196869664,46.83583635422061,18.0,0.0,0.0,0.0,0.0,6.0
1.0,27.05118833485928,0.003826658542511638,0.0013380570927825598,0.011076232986023562,0.010191375492931913,2.0,24.0,0.0,1.0,0.0,7.0
1.0,26.890056697752602,0.003996950011244667,0.0016718755766413952,0.02149465940754813,0.00919679560146904,1.0,24.0,0.0,1.0,0.0,7.0
1.0,23.72866185692584,0.00034514690493610793,0.0001934275735885715,0.0001871297293557352,0.0003447938000250311,0.0,23.0,0.0,0.0,0.0,5.0
1.0,27.318738926608535,0.07516071187790187,0.04682763272136676,0.0433519196767733,0.20619918433505005,0.0,0.0,0.0,1.0,0.0,5.0
1.0,30.01344274149735,0.5457716064697866,0.4416167757636475,0.33904954190864084,51.55015565431966,27.0,0.0,0.0,0.0,0.0,6.0
1.0,31.967722140428876,0.062463782743231035,0.03243879677332754,0.04544446732871867,0.7395177888856219,10.0,86.0,0.0,0.0,0.0,5.0
1.0,26.797990985672353,0.0009900467947081399,0.0004648538963999371,0.0007432030776867709,0.0010053057695330924,6.0,0.0,0.0,1.0,0.0,5.0
1.0,26.612080081338245,0.0030182105838007485,0.0019453196077117063,0.019899899910555515,0.007840060915359213,7.0,0.0,0.0,1.0,0.0,4.0
1.0,29.520761437961152,0.12497267855028409,0.030290240322186048,0.018692997381058844,0.1859928110356249,2.0,0.0,0.0,0.0,0.0,9.0
1.0,29.64506643541707,0.05960850578243981,0.018922985823260997,0.011626835219084851,0.2671740569159497,1.0,0.0,0.0,0.0,0.0,3.0
1.0,27.96010901243895,0.11687778728303722,0.05193476057336533,0.01187795353176856,1.8502764325204646,7.0,0.0,0.0,1.0,0.0,5.0
1.0,29.727590141268976,0.8874034462269756,0.48879480713473505,0.12425257319609621,13.430035203732686,3.0,0.0,0.0,0.0,0.0,7.0
1.0,29.652214974259163,14.500747185178007,14.085323184634136,34.64108009328382,283.00089400904363,2.0,0.0,0.0,0.0,0.0,7.0
1.0,28.204398914351504,0.33314676108983815,0.18951590311229544,0.29496038708991335,0.3684657169211848,48.0,0.0,0.0,0.0,1.0,8.0
1.0,27.205998500479854,0.02425204730326781,0.007084998576044907,0.06753351058435272,0.01892254710971185,15.0,0.0,0.0,1.0,0.0,5.0
1.0,30.20254114684967,0.004433968158672693,0.0010048856120926856,0.0008552041516734737,0.032755312215151544,3.0,0.0,1.0,1.0,1.0,3.0
1.0,30.21883026292066,0.011087835078140115,0.002698558234985593,0.0021003969332604416,0.03541041842968862,2.0,0.0,1.0,1.0,1.0,4.0
1.0,28.884874917820202,0.2479433815092024,0.18958859802866146,0.20380471907192277,4.398500218526442,6.0,16.0,0.0,1.0,0.0,5.0
1.0,29.048416778346787,0.3682749405694308,0.31457682899464506,0.9098958333333333,6.415034752906695,0.0,16.0,0.0,1.0,0.0,5.0
1.0,26.865163447816705,0.016926192448984953,0.006814853675096144,0.0071119417939163035,0.021331288297205202,17.0,0.0,1.0,0.0,0.0,7.0
1.0,26.947653954689883,0.008265751767834848,0.0031893359245326325,0.0030910350398609394,0.024840229690254446,17.0,0.0,1.0,0.0,0.0,7.0
1.0,27.277123739546564,0.032373070184271185,0.008236065934374325,0.030264713907214722,0.1247499460315176,48.0,0.0,0.0,0.0,1.0,4.0
1.0,27.181379957237507,0.0016099572622947987,0.0003435684644024477,0.0022443821807848837,0.013083851465926126,47.0,0.0,0.0,0.0,1.0,5.0
1.0,30.458908537699998,0.4414582366905886,0.10717777015182853,0.5056231326024178,0.9370691357075946,19.0,0.0,0.0,0.0,1.0,5.0
1.0,30.4303126241277,0.69171413190129,0.5865915175426236,0.8784119106699751,3.410939833732563,27.0,0.0,0.0,0.0,1.0,5.0
1.0,30.11026174408992,0.461801725924292,0.31702702082584455,0.17796496651210716,5.776628859435109,21.0,0.0,0.0,0.0,0.0,9.0
1.0,29.956140396227173,0.07794290940598825,0.061868528240751355,1.6555146126602158,0.25435398946942084,47.0,0.0,1.0,0.0,1.0,5.0
1.0,27.626198505815577,0.0003998307769061577,0.00031844633843586,0.003241739659104825,0.029679563327970167,63.0,0.0,0.0,1.0,0.0,3.0
1.0,25.434407352007828,0.0028779052360428737,0.0013073293285613987,0.007368873715656325,0.0007738051455268821,1.0,0.0,0.0,0.0,0.0,5.0
1.0,26.960026740009738,0.004962758169858837,0.0021776982529396367,0.019921181714389592,0.0865227464399616,9.0,0.0,0.0,0.0,0.0,5.0
1.0,26.656423075193118,0.013980341786812943,0.009735647393721703,0.010158223003451573,0.4723262391517094,10.0,0.0,0.0,0.0,1.0,3.0
1.0,28.725832858327944,0.3849051987000113,0.24300573959129673,0.31433526840840503,3.402044704642771,5.0,70.0,0.0,0.0,0.0,5.0
1.0,26.55571999829478,0.10427537787703706,0.0785217228494459,0.08961212437690425,0.11487239837053224,6.0,0.0,0.0,0.0,0.0,7.0
1.0,26.71348460839803,0.11526041698941243,0.09601971893229987,0.11842623234198228,0.09357533861664918,6.0,0.0,0.0,0.0,0.0,6.0
1.0,29.073130906154624,0.01858232289963974,0.010810422420267658,0.07337928210727447,0.1630484278254493,28.0,0.0,0.0,0.0,0.0,5.0
1.0,29.18256081152417,0.018664977699858396,0.011791091097182498,0.060363997744485046,0.19055376376802774,31.0,0.0,0.0,0.0,0.0,4.0
1.0,29.213932284781908,0.07407870617302116,0.05063274165702888,0.08379531064709186,0.19266187291530482,4.0,0.0,0.0,0.0,0.0,5.0
1.0,29.39720462419558,0.08743865497499818,0.058984053422501195,0.2068446135911678,0.26647405625788284,1.0,0.0,0.0,0.0,0.0,5.0
1.0,26.37506706132942,0.013236225825362697,0.007985886882793117,0.014587057946515427,0.19205095715487208,4.0,0.0,1.0,0.0,1.0,4.0
1.0,27.697183318182216,0.007263211675332817,0.007086104785975769,0.007489054288620398,6.515933764469909,0.0,0.0,0.0,1.0,0.0,5.0
1.0,27.70607292823927,9.604622669044916e-05,2.8966993348982785e-05,2.91693298979226e-05,1.4364612676056339,0.0,0.0,0.0,1.0,0.0,5.0
1.0,28.512173669750744,0.7250671974845319,0.3031053892469471,0.34321595222734025,4.344497328697422,1.0,0.0,0.0,0.0,1.0,4.0
1.0,27.03530187114393,0.0528422436590682,0.022470445288795497,0.018834998527262885,0.06249807603509312,27.0,0.0,0.0,1.0,0.0,5.0
1.0,27.182071095880627,0.06301389051171503,0.027611490854866555,0.027394304947263123,0.07806866102510401,25.0,0.0,0.0,1.0,0.0,5.0
1.0,28.381006936984175,0.6753876266502917,0.5157725054587553,0.3302859566673173,2.8429930098623952,17.0,49.0,0.0,0.0,0.0,6.0
1.0,28.435333929798645,0.4199856392026226,0.3572372603891845,0.2423306476945673,2.6132034382806593,11.0,49.0,0.0,0.0,0.0,6.0
1.0,27.382836641370854,0.10023904761257989,0.03489754374516799,0.05900225850938381,0.072803639106206,23.0,51.0,0.0,0.0,0.0,5.0
1.0,27.31651172067967,0.0004805577087598828,0.00016165647939170075,0.00030076185855606855,0.11590279587939975,0.0,0.0,0.0,1.0,0.0,5.0
1.0,25.126507132581466,0.0020842151132073657,0.001112948184061185,0.008296242989879936,0.0019277909780131281,1.0,0.0,0.0,0.0,0.0,5.0
1.0,26.31520012980923,0.07993142407547704,0.026290818352270335,0.019721991629440768,0.4332102077218017,0.0,0.0,0.0,0.0,0.0,6.0
1.0,26.126037808939497,0.005440890850357954,0.0017344183479599978,0.0038796971817395146,0.14687181104699704,1.0,0.0,0.0,1.0,0.0,4.0
1.0,26.21374369879906,0.00217711057213593,0.0006984174828477677,0.0014376226419921543,0.07361539226409466,1.0,0.0,0.0,1.0,0.0,4.0
1.0,28.555668830743084,1.014937579415066,0.6709884136539627,0.41745653869554566,2.8798039066270418,2.0,0.0,0.0,0.0,0.0,4.0
1.0,28.573451218212146,1.0771503689904365,0.7047585923816149,0.5938028005406776,2.0844025831194832,8.0,0.0,0.0,0.0,0.0,6.0
1.0,31.798904202485446,4.901225849201367,2.6554509511235396,13.065956057186554,14.406864528075504,40.0,0.0,0.0,1.0,0.0,5.0
1.0,27.87124201571035,0.04022785245554828,0.02143856067932497,0.08001531771275139,0.26375964136795577,7.0,0.0,0.0,1.0,0.0,7.0
1.0,27.142936608325897,0.02143160058778193,0.012973076753104268,0.0043837630642765265,0.5294046776790017,3.0,0.0,0.0,1.0,0.0,5.0
1.0,29.263915755610032,0.8429821976270779,0.21155055077950058,0.38131668468788726,4.174529238632768,34.0,0.0,0.0,1.0,0.0,7.0
1.0,27.080225565085268,1.162459370701575,0.9751402549777536,0.9134340941455044,3.211890908124464,1.0,36.0,0.0,0.0,1.0,5.0
1.0,25.95780172905803,0.38864684540081873,0.33502330984567497,0.30209114927181274,0.11506904495681719,8.0,0.0,0.0,0.0,0.0,5.0
1.0,26.318426929538596,0.4715540369424465,0.2546687823778956,0.38708973826819126,0.0841235607558508,8.0,0.0,0.0,0.0,0.0,5.0
1.0,29.725600007637297,0.3393278132571834,0.10075197598696813,0.07870529364518286,9.051392984293562,43.0,0.0,0.0,0.0,0.0,5.0
1.0,29.718475469118243,0.743040211493425,0.21319476294584747,0.1124687591960291,22.734516104332474,38.0,0.0,0.0,0.0,0.0,4.0
1.0,29.890113985846458,13.714844766651131,3.6604448515304924,2.2343603614494243,17.699578748457956,49.0,0.0,0.0,0.0,0.0,9.0
1.0,30.020187493435714,1.0787674717234126,0.39955493498560085,0.2549514912056454,1.866123491658006,49.0,0.0,0.0,0.0,0.0,9.0
1.0,26.943084337616483,0.05835972784080794,0.028102707916343558,0.016348529347010483,0.11602168177974523,7.0,0.0,0.0,1.0,0.0,5.0
1.0,27.47535161661202,0.002650105185755743,0.0013985250485300084,0.002365029216263918,0.006737526053522375,24.0,0.0,0.0,1.0,1.0,5.0
1.0,28.07647587225287,0.37053731150694735,0.19873852760060715,0.24253028005451369,0.39999449482119964,10.0,0.0,1.0,1.0,1.0,7.0
1.0,28.20069472540374,1.0334145284456864,0.3379906516933012,0.2745107120031863,1.0412381211500144,11.0,0.0,1.0,1.0,1.0,7.0
1.0,31.878261284988916,1.5777992417839808,0.6382654087878297,2.8674355126078446,9.661122908880627,7.0,0.0,0.0,0.0,0.0,5.0
1.0,32.13059964843741,1.5665138993585623,0.5973919699198261,10.246441913577446,11.554871273927812,7.0,0.0,0.0,0.0,0.0,5.0
1.0,28.77146928496091,0.10853748007311477,0.05159434090099028,0.028112852876474484,3.1538437532337196,0.0,0.0,0.0,0.0,0.0,5.0
1.0,27.796560977811758,0.3273604945536375,0.17562980167947115,0.08748649886374438,0.8540775137859915,5.0,0.0,0.0,0.0,0.0,5.0
1.0,28.452038067335913,0.8859060026144671,0.8415120282239584,1.5085072844518748,8.916180812398077,28.0,51.0,0.0,0.0,0.0,5.0
1.0,28.540383904930003,0.6760966113037659,0.6194053975720958,0.9804896124979413,6.741614366771824,25.0,51.0,0.0,0.0,0.0,5.0
1.0,30.007284088599803,0.15212104281800498,0.05564859480769562,0.030514792260224955,0.5686984272385441,44.0,0.0,0.0,0.0,1.0,9.0
1.0,25.633609229710366,0.003200843805874417,0.0011974090444871013,0.000793011103245516,0.00912457666584825,2.0,0.0,0.0,0.0,0.0,5.0
1.0,25.655867514903566,0.0011615181592110097,0.0005580865227063837,0.001535615658938789,0.008058068882018717,1.0,0.0,0.0,0.0,0.0,5.0
1.0,29.51762247351142,0.07925912066749141,0.045064469388503725,0.19300145320293782,0.3042514948094347,36.0,0.0,0.0,1.0,0.0,5.0
1.0,29.749115902089464,1.8374968273492258,0.749005196851647,2.129955585730855,9.19297589393011,39.0,0.0,0.0,1.0,0.0,5.0
1.0,26.37292294049352,0.0118667825698409,0.005833849976981733,0.009373505286714127,0.029227279539915076,1.0,0.0,0.0,0.0,0.0,5.0
1.0,26.45001260223637,0.01780276272527765,0.012002952867665898,0.011672632035405948,0.019183271561619267,2.0,0.0,1.0,0.0,0.0,5.0
1.0,27.46377101205487,0.09843254355030215,0.06284416385225916,0.07315947182982646,0.21315445581521647,0.0,0.0,0.0,0.0,0.0,5.0
1.0,27.563701130102064,0.006675187315800021,0.0019535217029359683,0.008932075027468215,0.005337380314165482,0.0,0.0,0.0,0.0,0.0,5.0
1.0,30.03412100301246,0.026299594049327298,0.007149619023063108,0.058852529503247646,0.08386160357060299,6.0,0.0,0.0,1.0,0.0,7.0
1.0,28.716595445254153,0.19347957452092215,0.0747187652844954,0.19868328218903272,0.5103111403791993,26.0,0.0,0.0,0.0,0.0,5.0
1.0,28.542773565359695,0.15943565380135327,0.09291119717295324,0.1108137337147131,1.2995008601476234,10.0,0.0,0.0,0.0,0.0,5.0
1.0,28.402142712875325,0.12380130880916097,0.03266939188669533,0.025038888183203843,0.5194054936400315,10.0,0.0,1.0,0.0,0.0,5.0
1.0,28.526096382921367,0.10206723748315104,0.027480010857359207,0.02215847474528985,0.8192762834610149,0.0,0.0,0.0,0.0,0.0,5.0
1.0,28.50744772770756,0.012394618024202799,0.0070761563542537575,0.009749690594745007,0.18053062817011314,0.0,0.0,0.0,0.0,0.0,5.0
1.0,27.075166744986298,0.46511108291377407,0.2128771636941173,0.12207981654078773,1.7092036024350339,0.0,74.0,0.0,0.0,0.0,6.0
1.0,27.052626606326623,0.30087123306065816,0.1335613822041228,0.08282145262315745,1.494839267694969,0.0,74.0,0.0,0.0,0.0,6.0
1.0,26.690844883161727,-0.009197373970413786,-0.004571883600807044,-0.005931906617667305,0.042214461012807514,1.0,0.0,0.0,0.0,0.0,5.0
1.0,26.41664437788722,0.001812828269612805,0.0008055052426376502,0.0011459330565164875,0.021421046555257308,1.0,0.0,0.0,0.0,0.0,5.0
1.0,29.127162662533365,0.5600895130797129,0.5107919238266818,0.5591596658076892,11.057974482219892,3.0,0.0,0.0,0.0,0.0,7.0
1.0,27.13941134603369,0.21446413517435564,0.1935402425847561,0.16842437093651222,1.1440634070541325,15.0,0.0,0.0,1.0,0.0,5.0
1.0,27.632949255871438,0.10651278966191173,0.05907351093750739,0.07497994258369617,0.7003326288316146,10.0,0.0,0.0,1.0,0.0,5.0
1.0,31.659425285961976,7.206220582894821,4.329978949530215,5.459032443381189,35.497959131283054,11.0,85.0,0.0,0.0,0.0,7.0
1.0,27.907720599932563,0.024828216055506988,0.007884991801598929,0.04059556846455061,0.07629804474831335,1.0,0.0,0.0,0.0,1.0,3.0
1.0,28.02504771973587,0.04550815721644197,0.020974872167138333,0.007780741170214232,0.3105945683081516,1.0,0.0,0.0,0.0,1.0,3.0
1.0,29.493223515910376,1.004906640871994,0.38571572078370864,0.14600477595595168,1.0820274201584776,49.0,0.0,1.0,0.0,0.0,8.0
1.0,29.783127446016092,1.2162082320607452,0.5521808906710326,0.18705182497418857,1.861862278523164,49.0,0.0,1.0,0.0,0.0,9.0
1.0,31.650924060599902,6.904692227508096,1.1664419494018434,0.9037979973217424,10.699156697391645,14.0,80.0,0.0,0.0,0.0,6.0
1.0,26.88299104819999,0.04109932180456409,0.02448173405546199,0.1324831072146274,0.5029341924955804,36.0,0.0,0.0,0.0,0.0,5.0
1.0,26.044004946929178,0.052614597641792396,0.03315669682309851,0.18901869235301863,0.15060474141312916,0.0,0.0,0.0,0.0,0.0,4.0
1.0,26.126096360245096,0.16404599460178096,0.04707429811885016,0.01216827548712043,0.23815938136875606,0.0,0.0,0.0,0.0,0.0,5.0
1.0,28.854572993152477,3.366189000774593,1.3466343320028966,0.43844282825447095,5.8551002879806,15.0,0.0,0.0,0.0,0.0,8.0
1.0,29.096286071752658,0.3455837740102736,0.10232056499933923,0.07415572925544435,0.5562143431524293,23.0,0.0,0.0,0.0,0.0,8.0
1.0,28.30301615901293,0.04613831424962277,0.019646619190015056,0.023141750261909164,1.7151400903471155,16.0,36.0,0.0,0.0,0.0,5.0
1.0,28.204686318446456,0.09652999368669908,0.039448360169872146,0.03764058426265416,0.8989949397662511,13.0,36.0,0.0,0.0,0.0,5.0
1.0,29.953624499236344,0.03393929769451321,0.01388738357022816,0.0040643092345205595,0.09012928333380807,33.0,51.0,0.0,0.0,0.0,7.0
1.0,30.028670904052568,1.7273448632220125,0.6223101829735284,0.6775009493618637,4.023696323088939,32.0,51.0,0.0,0.0,0.0,6.0
1.0,28.067920289526242,-0.3094215069723839,-0.11751857795999839,-0.12821356051911362,0.5600496311381445,49.0,0.0,1.0,1.0,1.0,4.0
1.0,30.030469727126466,0.02698267322106129,0.015696422746547787,0.006935097556121364,1.0621444881094766,1.0,0.0,1.0,1.0,1.0,4.0
1.0,30.064581838364962,0.012779068404310867,0.006799200093339967,0.0034406375287488163,0.8280463933343872,0.0,0.0,1.0,1.0,1.0,4.0
1.0,28.20328796917263,0.0004098957878024894,0.0002171754331303853,0.00034193574914556614,0.02200870085123268,1.0,0.0,0.0,1.0,0.0,5.0
1.0,28.451514349277897,0.011750886038686703,0.009660368358821551,0.008565654976762602,0.22307749557585546,0.0,0.0,0.0,0.0,0.0,5.0
1.0,30.371841784827733,10.197648561055713,3.982184585609912,8.828908167662876,11.77120968184949,49.0,5.0,1.0,1.0,1.0,5.0
1.0,29.996534058625066,1.4783470468703155,0.8678905810741437,0.08410713693457218,22.526902486127067,4.0,0.0,0.0,0.0,0.0,6.0
1.0,27.746864493886825,1.0176797036072487,0.5913463703757083,0.06310024990388312,2.89647981840619,0.0,0.0,0.0,0.0,0.0,5.0
1.0,30.92546812764382,3.2332966060365225,1.579809016133018,1.1379678623118539,2.02581459385039,63.0,36.0,0.0,0.0,0.0,7.0
1.0,26.01207312571567,0.021818118114677706,0.009302069065467844,0.007256218683075215,0.016483879948206038,4.0,0.0,0.0,0.0,1.0,5.0
1.0,26.078776061185646,0.04618861670030855,0.021443501799156342,0.017036926172092137,0.03788025499759976,4.0,0.0,0.0,0.0,1.0,5.0
1.0,29.28178137768456,0.11600341408607982,0.05712885122495436,0.044763401647667574,1.310368725912236,2.0,0.0,0.0,0.0,0.0,5.0
1.0,26.95608117306024,0.0035278526194849366,0.001777225520868048,0.0024101248433491514,0.024803571778635982,49.0,0.0,0.0,0.0,0.0,6.0
1.0,26.96771231017658,0.004457944743690443,0.0023069325923635803,0.0032700206097414793,0.022160621243396107,49.0,0.0,0.0,0.0,0.0,8.0
1.0,27.908880099431567,0.1342977845543075,0.06224063317268557,0.06732184735058383,0.36138962465275537,0.0,39.0,0.0,0.0,0.0,5.0
1.0,27.867775616581802,0.02344955018209401,0.008895210367428815,0.13384589621828483,0.04420854852910475,0.0,39.0,0.0,0.0,0.0,5.0
1.0,30.449019294178285,0.0606429779242375,0.022746197168272014,0.302041895611596,0.9583048230608628,11.0,0.0,0.0,0.0,0.0,6.0
1.0,30.01439325489225,0.40265845415136425,0.12415983930304467,0.14178861159974998,3.5871307016949916,2.0,0.0,0.0,0.0,0.0,6.0
1.0,30.018397623618334,0.4256591731452118,0.12236993863410253,0.1395857289914384,2.7060908074413854,2.0,0.0,0.0,0.0,0.0,5.0
1.0,27.925226862867575,0.0015116008252109862,0.0009682595330877372,0.002942317603638752,0.07533436131021891,4.0,0.0,0.0,0.0,0.0,5.0
1.0,24.868077496277397,0.0010565614261691648,0.0005994328007887694,0.0013188153192368478,0.002438766674961266,24.0,0.0,0.0,1.0,0.0,5.0
1.0,26.64453857984904,0.07726583712489968,0.03301046329598689,0.12053909824645845,0.13488894034662724,27.0,43.0,1.0,0.0,0.0,5.0
1.0,28.30720014825834,1.016370292061789,0.6503000903552121,0.12739201803654773,6.546159398708778,0.0,0.0,0.0,1.0,0.0,6.0
1.0,28.37035507478781,0.6543311225971497,0.42514590916646205,0.08465899959190966,6.617777609882326,0.0,0.0,0.0,1.0,0.0,7.0
1.0,25.498381308660402,0.10032661637808186,0.0504670344804561,0.036383501706107726,0.08216358955747102,2.0,0.0,0.0,0.0,0.0,5.0
1.0,28.89218300029089,0.39837605042790775,0.2099102386905409,0.12421827973294,4.684612457875856,1.0,0.0,0.0,1.0,0.0,6.0
1.0,29.0325094616306,0.1389771613164376,0.08009391804892828,0.41631923529666504,2.1105051882147996,1.0,0.0,0.0,0.0,0.0,6.0
1.0,28.469255166672223,0.24037826744077234,0.14798402689542509,0.7397537507446259,0.850765114865878,5.0,49.0,0.0,0.0,0.0,5.0
1.0,27.39812390192072,0.007251938498313339,0.0025204355168933247,0.003887074036991323,0.032218738241565285,0.0,0.0,0.0,0.0,0.0,3.0
1.0,27.891637700246225,0.010636416544676827,0.004399199278506466,0.01628503008464593,0.03954876676444002,0.0,0.0,0.0,0.0,0.0,5.0
1.0,27.833904815435382,0.0010950558023247715,0.0004766247758821854,0.005034510789042106,0.033336916278514275,1.0,0.0,0.0,1.0,0.0,5.0
1.0,29.495409726283302,0.6511493231349659,0.08461991267156461,0.14297584650539158,3.129547114137967,10.0,0.0,0.0,0.0,0.0,5.0
1.0,29.52607396576217,2.887643156555211,1.6992116375812765,0.7442806374590483,70.00330432057655,9.0,0.0,0.0,0.0,0.0,5.0
1.0,27.506197981831647,0.5878878200785801,0.3491040157045317,0.23498830257343384,0.0528847394967899,44.0,0.0,1.0,0.0,0.0,7.0
1.0,27.558156831612855,0.48051787564520576,0.344729995601368,0.07077700692368545,0.06101352345425593,46.0,0.0,1.0,0.0,0.0,7.0
1.0,27.894676853777476,0.9142280578806172,0.6167358048373726,0.34156132757735996,7.779109572341151,2.0,0.0,0.0,0.0,0.0,5.0
1.0,26.966095922140283,0.319017013159058,0.210843640651387,0.12179565102916104,3.0507107107488385,0.0,0.0,0.0,0.0,0.0,5.0
1.0,26.898765055961697,0.021636703334667638,0.007366965455285173,0.038482059428428736,0.13324179317008672,0.0,0.0,0.0,0.0,0.0,5.0
1.0,27.45525601850384,0.2020058319470075,0.06684331643224765,1.1539938840945245,0.18882236672491334,8.0,5.0,0.0,0.0,0.0,5.0
1.0,27.40471632315167,3.1165409219386304,2.287113540314107,0.93828117210938,3.595258575681334,9.0,5.0,0.0,0.0,0.0,5.0
1.0,29.25696013319501,2.1918817743808434,1.4181937835375114,0.6806420524947562,31.964749755323815,34.0,0.0,1.0,0.0,0.0,6.0
1.0,29.255605735625895,0.08941660595375671,0.028279503934812666,0.022250301995577274,1.0605974750107663,33.0,0.0,1.0,0.0,0.0,6.0
1.0,26.090367386540816,0.009892381194596546,0.0031050157104726634,0.002623247696948264,0.03134215165811427,30.0,0.0,0.0,0.0,0.0,5.0
1.0,26.08727262459251,-0.006979035183594762,-0.003725242784178387,-0.013909228491797826,0.06053592125521131,30.0,0.0,0.0,0.0,0.0,5.0
1.0,27.603527609494623,0.04263907265800852,0.01360531062121719,0.025935790398182817,0.28351183676560615,3.0,0.0,0.0,0.0,0.0,5.0
1.0,27.65313479617366,0.010308950059323039,0.006902960278332164,0.016470419183849824,0.20430520986645911,3.0,0.0,0.0,0.0,0.0,5.0
1.0,25.88644480604335,0.12170252453132667,0.08564979223302556,0.15755392334272916,0.03477297796608786,12.0,0.0,0.0,1.0,0.0,5.0
1.0,26.656727790465553,0.03242466830494325,0.011317292189851504,0.15633328416757122,0.00230298669991739,3.0,0.0,0.0,1.0,0.0,4.0
1.0,27.416349079786123,0.01850696917446953,0.006218106859565002,0.05944091983292119,0.06395226141983196,0.0,36.0,0.0,0.0,0.0,6.0
1.0,28.12193582653566,0.09673825876632369,0.09457695816136126,0.18866592804903407,1.2770024007169296,27.0,0.0,0.0,0.0,0.0,6.0
1.0,26.890161590143595,0.10142447949626796,0.0994725213283039,0.20454212237500083,0.1398044802398984,1.0,0.0,1.0,0.0,0.0,5.0
1.0,26.88432968843452,0.1544080753758966,0.052532405740142576,0.12291173455496424,0.10304509298917142,1.0,0.0,1.0,0.0,0.0,5.0
1.0,25.76863744531819,0.033905463792354346,0.013129250606907996,0.019472749028361255,0.03170123174128818,6.0,53.0,0.0,0.0,0.0,5.0
1.0,25.79413038059214,0.07368447181520907,0.03088787292732816,0.03832866156373954,0.07983491782808878,6.0,53.0,0.0,0.0,0.0,5.0
1.0,28.48430388809151,0.7210132343801411,0.32813530134789726,1.2467699747919745,1.5058119099959861,0.0,0.0,0.0,0.0,0.0,7.0
1.0,28.45320334569444,0.27726761090772106,0.14653767517271388,0.07993574861319755,0.6850354368960975,0.0,0.0,0.0,1.0,0.0,5.0
1.0,28.38216830053648,0.3778564013474291,0.22364588231606006,0.11857012744400641,1.517765447192702,8.0,0.0,0.0,1.0,0.0,7.0
1.0,28.359183061645393,0.16563004503356274,0.04218276318610951,0.01302192963810935,0.19439643216169375,9.0,0.0,0.0,1.0,0.0,7.0
1.0,26.16592594233062,0.000735492786459701,0.00019312171439490495,5.822913340460917e-05,0.0020547837549322245,0.0,0.0,0.0,1.0,0.0,4.0
1.0,28.100549632326047,1.2543231150904544,0.5090855625207127,0.23753645251427066,4.76234707642328,16.0,6.0,0.0,0.0,0.0,7.0
1.0,28.123910848960985,1.3987324210135874,0.48202772744511396,0.44604606426120413,4.355189414689646,10.0,6.0,0.0,0.0,0.0,7.0
1.0,28.341801906499832,0.1454629526923997,0.11188007577494062,0.2785751579119788,1.4480804949423414,1.0,0.0,1.0,0.0,0.0,5.0
1.0,28.179859030692093,0.17989995140194814,0.1332466058922493,0.27661449491954937,1.0319065691145977,1.0,0.0,1.0,0.0,0.0,5.0
1.0,27.637013127914543,1.555701040681173,1.176443317555618,0.5245044502510922,0.6891179551165013,0.0,0.0,0.0,0.0,0.0,5.0
1.0,27.69387384191161,0.27550095819360176,0.264655624693013,0.34160641599072605,0.7651188605914815,14.0,51.0,0.0,0.0,0.0,5.0
1.0,28.808854236160993,0.6829531806428942,0.32279878930003,0.28118248747323793,2.442879700944217,49.0,0.0,1.0,0.0,0.0,5.0
1.0,28.703563176863472,0.42798637372006915,0.13272473543435284,0.1251721610030074,0.9165937287689511,49.0,0.0,1.0,0.0,0.0,8.0
1.0,26.1457281812353,0.0424728227783482,0.030892014761780894,0.024195854310740006,0.03764470302745519,2.0,0.0,0.0,0.0,0.0,4.0
1.0,26.088592108220222,0.04938048158445686,0.03428966254230565,0.026576190375576875,0.03877884182962957,2.0,0.0,0.0,0.0,0.0,5.0
1.0,27.895452473255993,-1.0245622034953568,-0.7523277227595266,-0.30354864941401427,5.347722501963916,49.0,0.0,0.0,0.0,0.0,6.0
1.0,27.6455057059295,0.06904783660318642,0.0512519130636738,0.019922858271539872,3.397942402330019,49.0,0.0,0.0,0.0,0.0,6.0
1.0,29.542233337171567,0.07738447985905342,0.05351546857293788,0.07130920010672055,2.3561605902851737,2.0,0.0,0.0,0.0,0.0,7.0
1.0,29.30388067602918,0.10481174008137156,0.07834371951165918,0.09712230999727595,1.2163167007989593,30.0,6.0,0.0,0.0,0.0,5.0
1.0,26.245442498602944,0.02269586491656702,0.00973457207362357,0.00856906761224405,0.06834384716645513,0.0,0.0,0.0,1.0,0.0,5.0
1.0,26.654284808708184,0.01798874389448999,0.009406773760543049,0.008741203728611292,0.11050370062811705,3.0,51.0,0.0,0.0,0.0,6.0
1.0,26.97448740646442,0.004893944589235128,0.00467300795045357,0.03359046476712179,1.356965410982619,32.0,0.0,0.0,0.0,1.0,7.0
1.0,26.911844079066274,0.02896658290209138,0.010486321776593883,0.045962855203185854,0.17434156224206498,32.0,0.0,1.0,0.0,0.0,7.0
1.0,27.603101978701314,0.11107383745506555,0.04796094534342472,0.2115989067944838,0.38062661877535064,0.0,0.0,0.0,0.0,0.0,5.0
1.0,27.847736047877632,0.1723438676656413,0.053066447892001295,0.024501780570236123,0.4140598748268307,0.0,0.0,0.0,0.0,0.0,6.0
1.0,27.7537076652429,0.08812288900521548,0.03442256449134724,0.014387042704566195,0.0754973313925279,8.0,0.0,0.0,1.0,0.0,6.0
1.0,28.036159504002867,0.13136428614982285,0.11564199163030188,0.29372467335731867,0.2804564566952615,17.0,0.0,0.0,1.0,0.0,5.0
1.0,27.485510833458488,0.01569296194559017,0.011436967945383004,0.012798847426491839,0.6521171598411074,0.0,0.0,0.0,0.0,0.0,5.0
1.0,27.241821504486236,0.0006519702530554685,0.00025626432515327976,0.0002272453737155278,0.15868390339140157,0.0,0.0,0.0,0.0,0.0,5.0
1.0,28.78355640494128,0.16488945954099926,0.08040645955932667,0.06448932550353988,0.5270357191733954,49.0,0.0,0.0,0.0,0.0,7.0
1.0,28.828047852081585,1.0807424816537963,0.9950891201045771,1.4217101610216547,6.01975834231306,49.0,0.0,0.0,0.0,0.0,7.0
1.0,27.159406589884995,0.5752622990234445,0.5258275234848804,0.6980558176491036,1.3699412235049868,0.0,0.0,0.0,1.0,0.0,4.0
1.0,28.18973935833332,0.28234088199228685,0.10233900621022653,0.09880455647044001,0.91290330009442,5.0,0.0,0.0,0.0,0.0,5.0
1.0,28.73872858443385,0.48623354999028,0.22680195941217635,0.20894867790207758,1.9324948994174986,12.0,0.0,0.0,1.0,0.0,9.0
1.0,27.219100717192408,0.02449534061288671,0.004458213725507596,0.017773131661556602,0.04949388281508827,2.0,0.0,1.0,1.0,1.0,5.0
1.0,27.225103405411364,0.00823564973493091,0.003957081151147468,0.005364868437152463,0.062055269194238066,2.0,0.0,1.0,0.0,0.0,9.0
1.0,27.32658887269139,0.03591031692126575,0.015118766047509983,0.013246565329308183,2.339824685525164,1.0,0.0,0.0,0.0,0.0,5.0
1.0,27.419052392989073,0.020436190032102078,0.00801376010654967,0.0035612192860295664,1.5835453526602892,0.0,0.0,0.0,0.0,0.0,4.0
1.0,28.29192399151025,0.584842279752328,0.23128877885879773,0.25640384401638155,0.7620130108012015,8.0,0.0,0.0,0.0,0.0,5.0
1.0,28.308043995846514,0.4000899190169915,0.17110586146036255,0.15473714506781316,0.8970898259889604,8.0,0.0,0.0,0.0,0.0,5.0
1.0,28.33652167829459,0.02831806749082624,0.010173476289683866,0.010341281910384484,1.8049352831509964,2.0,0.0,0.0,1.0,0.0,5.0
1.0,27.840301009303584,0.08268466198993334,0.026572414674836353,0.02548390266092167,0.5621373763073777,1.0,0.0,0.0,0.0,0.0,5.0
1.0,26.185414022089294,0.01507016431391925,0.013327830278718832,0.058008639074326455,0.10500207867106578,7.0,0.0,0.0,0.0,0.0,5.0
1.0,26.025913812854895,0.012377719850168806,0.01004879248154397,0.04960157747229958,0.05435169519443018,6.0,0.0,0.0,0.0,0.0,5.0
1.0,28.6535403866194,-4.729050722550996,-0.9307398612738425,-0.6447813336324738,3.192841387909288,7.0,0.0,0.0,0.0,0.0,5.0
1.0,28.394458992103928,-6.177425615684632,-1.479621428012733,-1.706242841656158,4.098987749391601,7.0,0.0,0.0,0.0,0.0,5.0
1.0,28.416150216503063,0.1384588415478014,0.07109604227135913,0.09687310378661709,0.47175013659864634,14.0,51.0,0.0,1.0,0.0,5.0
1.0,28.478643209460788,0.1310323753569301,0.0770758188178572,0.10903042190684974,0.42382169376423606,14.0,51.0,0.0,1.0,0.0,5.0
1.0,26.318449224094266,0.0761928498536329,0.040418863931383955,0.04430853767286935,0.13720328769507398,0.0,72.0,0.0,1.0,0.0,4.0
1.0,26.398775715176953,0.030196785189940647,0.009657848741442323,0.0036452654441717237,0.06641672815039779,0.0,72.0,0.0,1.0,0.0,4.0
1.0,28.104207175865582,0.0960833208339583,0.03385534169471595,0.022222270403406602,0.28704602283800346,0.0,0.0,0.0,1.0,0.0,5.0
1.0,28.12033092573176,0.2740243195742915,0.1355838659856849,0.1258365166705199,1.578330769335288,0.0,0.0,0.0,1.0,0.0,5.0
1.0,27.776592239247766,0.013678080679266411,0.006892234529124429,0.005880134665538287,1.119838226797626,0.0,68.0,0.0,0.0,0.0,4.0
1.0,27.69409919614124,0.02643381166744432,0.005453728492750243,0.005154557537717098,0.8872620135531265,0.0,68.0,0.0,0.0,0.0,4.0
1.0,26.850141571257485,0.2367363658150194,0.062250143287308865,0.05564483411766136,0.23936018986637658,19.0,0.0,1.0,0.0,0.0,5.0
1.0,26.910210815185895,0.018086782854306697,0.014395530249310626,0.07895122642722417,0.1934703130325219,3.0,51.0,0.0,0.0,0.0,5.0
1.0,27.997890915277328,0.0005946394627006055,0.0004625927058297468,0.0027275635566687538,0.644615626953115,3.0,0.0,0.0,0.0,0.0,5.0
1.0,27.34036663023026,0.047571587424336835,0.006334295267327124,0.00815730765292494,0.2924478729393637,0.0,0.0,0.0,0.0,0.0,5.0
1.0,27.219820591720847,0.0831719371895014,0.03606917134954047,0.08570514308953746,0.19280088255096164,0.0,0.0,0.0,0.0,0.0,5.0
1.0,24.5018498065593,0.0025837429830189488,0.0012819303489344364,0.0007583388220170034,0.1175772186729371,7.0,0.0,0.0,0.0,0.0,5.0
1.0,24.47690487445717,0.008230026506488393,0.004890742049505147,0.0025395740136596057,0.12765204402393612,6.0,0.0,0.0,0.0,0.0,5.0
1.0,27.98172024017019,2.2489730293767605,0.01594646425532068,0.042427102213503036,0.28532762149349505,6.0,0.0,0.0,0.0,0.0,8.0
1.0,29.51996930243433,-1.866201139865375,0.5495423276970973,1.6364438794345337,0.8086771312988199,34.0,0.0,1.0,0.0,0.0,5.0
1.0,25.882154455603843,0.009703284617160777,0.00387091668358975,0.002720160625858041,0.02708951093916687,49.0,0.0,0.0,1.0,0.0,7.0
1.0,32.91544744723715,132.51976699198423,90.36291416320176,98.27209284470253,492.4292248640976,15.0,0.0,1.0,0.0,0.0,6.0
1.0,33.293891314211436,35.27345864361778,21.22803347997682,29.98658303262212,647.928760753951,9.0,0.0,0.0,0.0,0.0,9.0
1.0,27.448702759129475,0.038455536079729166,0.017635544491931967,0.012138114998756465,0.218867983303221,0.0,0.0,0.0,0.0,0.0,5.0
1.0,31.296790579445002,9.108212618118806,3.270673557341573,2.4726162944287124,15.355476676536762,23.0,0.0,1.0,0.0,1.0,6.0
1.0,31.519955621489288,9.275292764864806,3.2915622028183624,8.089402306128216,29.355839889340366,20.0,0.0,1.0,0.0,1.0,7.0
1.0,27.187489588213904,0.005018771433649607,0.0019353069842551474,0.005131222796973016,0.38426265831698136,17.0,0.0,0.0,0.0,0.0,5.0
1.0,27.077390630281755,0.007899159057810662,0.00455945787691347,0.0008206608475235696,0.7296939103018976,15.0,0.0,0.0,0.0,0.0,5.0
1.0,27.336534612421083,0.30180154782219437,0.06931051588336164,0.036190511034385024,0.8320928205149293,4.0,0.0,0.0,1.0,0.0,7.0
1.0,27.297362118436716,0.11337250786950595,0.013715684570506025,0.018422162055839925,0.24941207447287644,4.0,0.0,0.0,1.0,0.0,7.0
1.0,26.593006154586735,0.15662341082342054,0.032592332827833005,0.023667358499067745,0.19145624212663184,9.0,0.0,0.0,0.0,0.0,5.0
1.0,31.25178499219234,65.23901453648183,12.59552536482297,10.04774984985872,13.692832882447028,59.0,36.0,1.0,0.0,0.0,10.0
1.0,28.631763284272154,0.06353154207917615,0.04018843519380684,0.025934453873430102,0.4781967301862278,25.0,0.0,0.0,0.0,1.0,7.0
1.0,28.59785285929642,0.07535001768291415,0.048828713044806835,0.035080469418392546,0.41989817240589034,21.0,8.0,0.0,0.0,1.0,9.0
1.0,28.420350822960526,0.007338623634190765,0.002922803835809452,0.006032792066899599,0.094081711907275,2.0,0.0,0.0,0.0,0.0,5.0
1.0,28.36061593745954,0.05365695555840398,0.033265672644874476,0.032402910474168434,0.23223963690277521,13.0,0.0,0.0,0.0,1.0,6.0
1.0,28.20854417869095,0.15540655734390754,0.11311262440565127,0.09749002849746845,2.899672800862444,14.0,0.0,0.0,1.0,0.0,5.0
1.0,31.286439438608948,5.823979573367184,3.960107321315753,4.976460471532946,16.696177293500824,31.0,0.0,1.0,0.0,1.0,9.0
1.0,31.210049431055992,6.707724656667553,4.3025010032375155,4.605435904226544,13.404429934797104,33.0,0.0,1.0,0.0,1.0,6.0
1.0,28.503669212345674,16.7770392482254,6.6968397303349825,4.382866791321061,7.572552371921011,38.0,0.0,0.0,0.0,0.0,9.0
1.0,26.528665830981605,0.025518348278145166,0.011263448804275876,0.0023113967579292366,0.08938777234764728,8.0,62.0,0.0,0.0,0.0,5.0
1.0,27.007513797511955,0.0023487311601958468,0.0017324121633413537,0.0014561097823351306,0.06653807008337354,12.0,47.0,0.0,1.0,0.0,5.0
1.0,26.04603188389676,0.010778333684013883,0.006945562268741446,0.005270194052094651,0.9196043894774191,0.0,50.0,1.0,0.0,0.0,5.0
1.0,25.81599711391857,-0.11213878989001463,-0.07138243655551788,-0.08649407888505042,0.6635933575136086,0.0,50.0,1.0,0.0,0.0,5.0
1.0,28.304863145430488,0.002520343042571274,0.0008269274643709979,0.0031592832418758437,0.0020483266663624705,45.0,0.0,0.0,0.0,0.0,8.0
1.0,28.04676653344427,-0.0038662427522655955,-0.001329324869606284,-0.003140523733735869,0.001716404953224944,32.0,0.0,0.0,0.0,0.0,8.0
