SIZE,ROE,ROA,ROS,LEV,FOR,GOV,CHAIR,Duality,CEO1,BSIZE
29.649805925901433,0.071184968,0.028176944,0.026480328,0.604172837,10.0,0.0,0.0,0.0,0.0,5.0
26.161166869109685,0.045310261,0.041708438,0.043943255,0.079492353,1.0,0.0,0.0,1.0,0.0,5.0
26.150451239554314,0.039301091,0.03652109,0.038445138,0.070733965,1.0,0.0,0.0,1.0,0.0,5.0
26.68980480682987,0.185021867,0.094234519,0.078324265,0.490684424,0.0,0.0,0.0,0.0,0.0,6.0
27.10124200424547,0.082564356,0.052322804,0.056266377,0.366278546,27.0,0.0,0.0,0.0,0.0,6.0
26.931896103682067,0.184495829,0.092275012,0.096830336,0.499853125,20.0,0.0,0.0,0.0,0.0,5.0
27.926209942069722,0.4123394,0.17150769,0.136424194,0.584060355,3.0,0.0,1.0,1.0,1.0,5.0
28.010272288154002,0.212694139,0.096984649,0.099971782,0.544016863,3.0,0.0,1.0,1.0,1.0,6.0
28.181152064652757,0.020546179,0.004777863,0.004857272,0.767461984,0.0,0.0,0.0,1.0,0.0,6.0
27.036547543410382,0.072620111,0.049644199,0.013213798,0.316386791,8.0,28.0,0.0,0.0,0.0,5.0
27.37233069462727,0.09135559,0.052225169,0.019022512,0.428332181,8.0,28.0,0.0,0.0,0.0,5.0
26.249192767312255,0.03542978,0.029846379,0.047889491,0.157590256,3.0,13.0,0.0,0.0,0.0,5.0
26.224911727435597,0.03901108,0.034277766,0.041683085,0.121330024,3.0,13.0,0.0,0.0,0.0,5.0
25.177075781003246,0.229921503,0.12552968,0.074625157,0.454032448,4.0,40.0,0.0,0.0,0.0,6.0
25.250449190647682,0.184181346,0.098228804,0.065283774,0.466673439,5.0,40.0,0.0,0.0,0.0,5.0
27.202828687776876,0.384952415,0.336781824,0.486863237,0.125132978,1.0,0.0,1.0,1.0,1.0,5.0
27.494031177996593,0.28340953,0.257282572,0.46030629,0.092187734,2.0,0.0,1.0,1.0,1.0,3.0
30.11388401200731,0.208784831,0.100027556,0.134788171,0.520902676,1.0,0.0,0.0,1.0,0.0,9.0
30.378054822565357,0.130651378,0.052791239,0.057885235,0.59593878,2.0,0.0,1.0,0.0,0.0,5.0
27.22465460167591,0.294178809,0.245097333,0.188745409,0.166842325,29.0,0.0,0.0,0.0,0.0,5.0
27.496013205216062,0.329729176,0.243066055,0.18612696,0.262832362,46.0,0.0,0.0,0.0,0.0,7.0
27.85786979477258,0.119363051,0.087294363,0.077027977,0.268662724,48.0,0.0,0.0,1.0,0.0,5.0
27.8874214777842,0.10112635,0.028645175,0.108289332,0.716737214,7.0,0.0,0.0,0.0,0.0,5.0
28.94407251528072,0.213064836,0.068137189,0.039690437,0.680204438,14.0,65.0,0.0,0.0,0.0,5.0
28.83625212837856,0.086050846,0.029738905,0.016185181,0.654403106,14.0,65.0,0.0,0.0,0.0,5.0
26.986662194774315,0.032609981,0.009809411,0.008480533,0.699187998,2.0,0.0,1.0,0.0,0.0,5.0
28.664988211103125,0.17427506,0.15205533,0.109094203,0.127496622,77.0,0.0,0.0,0.0,0.0,5.0
28.678308530763115,0.171210231,0.148343632,0.097471261,0.133556498,81.0,0.0,0.0,0.0,0.0,5.0
26.308606308875113,0.085164739,0.063720716,0.07288795,0.25179487,0.0,20.0,0.0,0.0,0.0,4.0
26.317921452911705,0.096036639,0.072779124,0.072530242,0.242173282,0.0,20.0,0.0,0.0,0.0,5.0
28.26733865212735,0.12618901,0.072666988,0.124027822,0.424139592,10.0,0.0,0.0,0.0,0.0,5.0
27.385988487194123,0.188056435,0.1181152,0.127982921,0.371916201,30.0,0.0,0.0,1.0,0.0,5.0
27.520710591388656,0.148132132,0.084661441,0.094524165,0.428473485,31.0,0.0,0.0,1.0,0.0,5.0
28.40311347902467,0.133600378,0.019945888,0.048357224,0.850703926,0.0,0.0,0.0,0.0,0.0,5.0
28.28342442391664,0.01225953,0.001843249,0.003956221,0.849647163,0.0,0.0,0.0,0.0,0.0,5.0
26.157315297797687,0.048999792,0.022732738,0.026133681,0.536068973,0.0,0.0,0.0,0.0,0.0,5.0
26.56794584083893,0.031501799,0.014246002,0.012703948,0.547771807,0.0,0.0,0.0,0.0,0.0,5.0
25.746764706025548,0.02186815,0.020975819,0.048047545,0.040805256,0.0,53.0,0.0,0.0,0.0,7.0
25.75126942520376,0.028115812,0.027050886,0.059290401,0.037873429,0.0,53.0,0.0,0.0,0.0,7.0
28.879440378463425,0.282267551,0.119129197,0.04857747,0.577953587,0.0,0.0,0.0,0.0,0.0,7.0
29.03099153203128,0.308938984,0.121766032,0.054679176,0.605857344,0.0,0.0,0.0,0.0,0.0,5.0
27.4103158396044,0.060087164,0.04018381,0.097669983,0.331241357,5.0,0.0,0.0,1.0,0.0,5.0
27.5648385774681,0.077914727,0.045088416,0.079808905,0.42131074,5.0,0.0,0.0,1.0,0.0,4.0
27.656016121817846,0.121333251,0.032999648,0.077482245,0.728027621,0.0,0.0,0.0,0.0,0.0,5.0
27.469582778851017,0.118865105,0.039933816,0.07170428,0.664040878,0.0,0.0,0.0,0.0,0.0,5.0
29.71512178698911,0.165806724,0.075622592,0.133582268,0.543911185,16.0,0.0,0.0,0.0,0.0,5.0
26.874499536377837,0.074043105,0.062025237,0.099484249,0.162309299,3.0,0.0,0.0,0.0,0.0,5.0
27.4705894184105,0.006906605,0.002724253,0.095135748,0.605558269,0.0,0.0,0.0,0.0,0.0,6.0
25.520485113486966,-0.023958416,-0.011455702,-0.069271201,0.521848891,1.0,0.0,0.0,1.0,0.0,5.0
25.45450463817766,0.000576928,0.000294843,0.000653871,0.488941072,1.0,0.0,0.0,1.0,0.0,5.0
27.154852924754934,-0.001344493,-0.000533499,-0.001177498,0.603196605,2.0,0.0,0.0,0.0,0.0,4.0
27.498977758487463,0.583510471,0.092169435,0.076038743,0.84204322,0.0,0.0,0.0,0.0,0.0,5.0
27.984350469616185,0.225710495,0.054607419,0.081744745,0.75806293,2.0,0.0,0.0,0.0,0.0,6.0
27.45124112661399,0.212745682,0.136816629,0.062830978,0.356900559,22.0,0.0,1.0,0.0,0.0,5.0
27.455052138706368,0.155378035,0.100575783,0.039592411,0.352703889,21.0,0.0,1.0,0.0,0.0,5.0
25.799514074781502,0.153732605,0.082994046,0.041255679,0.460140968,19.0,0.0,0.0,1.0,0.0,5.0
28.47616379844456,0.214900889,0.137455493,0.189688711,0.360375551,26.0,0.0,0.0,0.0,0.0,6.0
28.61742355982076,0.206923531,0.146460842,0.169840817,0.292198227,28.0,0.0,0.0,0.0,0.0,5.0
28.984099896937007,0.010996844,0.003401265,0.003381462,0.690705344,3.0,51.0,0.0,0.0,0.0,5.0
28.970229110591,0.042266144,0.013744621,0.012297166,0.674807784,2.0,51.0,0.0,0.0,0.0,4.0
27.751281081459823,0.301816084,0.22544534,0.160107177,0.253040016,20.0,65.0,0.0,0.0,0.0,5.0
26.967646307035583,0.12980645,0.056189906,0.049699564,0.567125468,6.0,0.0,0.0,0.0,0.0,5.0
30.453774057890904,0.189690662,0.089781907,0.052883838,0.526690681,45.0,0.0,0.0,0.0,0.0,7.0
30.415958281349194,0.083938287,0.043887016,0.029954789,0.477153246,48.0,0.0,0.0,0.0,0.0,7.0
29.119483903405822,0.087388019,0.028998167,0.140083175,0.6681677,24.0,0.0,0.0,0.0,0.0,7.0
29.141001058357435,0.057658944,0.018554358,0.105431442,0.678205026,24.0,0.0,0.0,0.0,0.0,7.0
27.03130598896115,0.148924567,0.025504645,0.07138679,0.828742295,0.0,20.0,1.0,1.0,1.0,7.0
25.440308291037805,0.160089461,0.119495507,0.077719926,0.253571401,31.0,45.0,1.0,0.0,0.0,5.0
27.953039395579612,0.087209016,0.039103913,0.034693302,0.551608438,4.0,0.0,0.0,1.0,0.0,5.0
28.10981722776196,0.07907585,0.032933027,0.032503905,0.583524251,4.0,0.0,0.0,1.0,0.0,5.0
27.943939555548404,0.097734681,0.037672463,0.032464096,0.614542822,0.0,0.0,0.0,0.0,0.0,8.0
28.085498585740666,0.105662151,0.039528919,0.024975988,0.625893928,0.0,0.0,0.0,0.0,0.0,5.0
27.991725929026156,0.183017199,0.113644603,0.116347375,0.379050295,0.0,13.0,0.0,1.0,0.0,7.0
28.1137867137265,0.152520944,0.087764648,0.1127238,0.42457499,0.0,13.0,0.0,0.0,1.0,7.0
27.14877485050419,0.088320775,0.034304902,0.027282919,0.611589015,4.0,0.0,0.0,0.0,0.0,7.0
27.294126390071327,0.107790939,0.035910586,0.032608636,0.666849677,8.0,0.0,0.0,0.0,0.0,7.0
24.71858328620044,-0.584389854,-0.196756128,-0.125778394,0.66331358,0.0,0.0,0.0,0.0,0.0,5.0
25.796544106768643,0.277094285,0.043915626,0.036826844,0.841512364,0.0,0.0,0.0,0.0,0.0,3.0
26.578274719912624,0.095662414,0.039580146,0.043043316,0.586251855,0.0,0.0,0.0,0.0,0.0,5.0
27.21430343441733,0.075897819,0.038886051,0.063301536,0.487651072,0.0,0.0,0.0,0.0,0.0,5.0
28.430031685684224,0.142893674,0.049261471,0.01844672,0.655257406,11.0,0.0,0.0,1.0,0.0,5.0
26.761749933992157,0.173127353,0.159554477,0.224612541,0.078398972,10.0,0.0,0.0,0.0,0.0,5.0
26.779098578187142,0.175498546,0.159238579,0.204901025,0.092648453,10.0,0.0,0.0,0.0,0.0,5.0
28.22558476510969,0.159289282,0.07400565,0.144731475,0.535399285,33.0,0.0,0.0,1.0,0.0,6.0
28.379262358798066,0.162372803,0.08592709,0.126994384,0.470804626,37.0,0.0,0.0,1.0,0.0,6.0
29.067523682940344,0.207072252,0.15480152,0.167714373,0.252427508,49.0,43.0,0.0,0.0,0.0,7.0
29.053362891379784,0.186899676,0.152228213,0.161997305,0.18550769,54.0,43.0,1.0,0.0,0.0,7.0
25.994427810749077,0.104093174,0.084860414,0.065422703,0.184766346,7.0,0.0,0.0,0.0,0.0,5.0
26.070744727272793,0.075248114,0.057533405,0.043270858,0.235417072,6.0,0.0,0.0,0.0,0.0,5.0
29.734817408251786,0.09273666,0.045359591,0.175741348,0.510877455,36.0,0.0,0.0,0.0,0.0,7.0
29.79575234500737,0.004121916,0.001647463,0.004925086,0.600314958,8.0,0.0,0.0,0.0,0.0,6.0
26.079970029194175,0.099645226,0.040698192,0.0242486,0.591571749,6.0,0.0,0.0,0.0,1.0,3.0
29.528802881789087,0.007008006,0.001835727,0.005615447,0.738052909,2.0,0.0,0.0,0.0,0.0,5.0
29.657896184651804,0.013092383,0.003569977,0.009680686,0.727324108,1.0,0.0,0.0,0.0,0.0,7.0
24.436356627782896,0.055630839,0.052516845,0.032784947,0.055976041,1.0,0.0,0.0,0.0,0.0,3.0
25.076668754391207,0.137350157,0.074837084,0.072007952,0.455136527,1.0,0.0,0.0,0.0,0.0,3.0
30.04105154982121,0.086308072,0.063989115,0.076633922,0.258592817,21.0,60.0,0.0,0.0,0.0,5.0
28.928372235208982,0.096111979,0.064225227,0.228181156,0.331763941,19.0,0.0,0.0,0.0,0.0,5.0
28.94937383853672,0.083922629,0.051150843,0.185042785,0.390499992,15.0,0.0,0.0,0.0,0.0,5.0
28.254292892827415,0.082946096,0.04824787,0.075783021,0.418320447,18.0,0.0,0.0,1.0,0.0,6.0
28.6722337851984,0.092416484,0.049758707,0.039691645,0.461581911,24.0,51.0,0.0,0.0,0.0,7.0
28.415739677505215,0.085773569,0.030237845,0.407460049,0.647470789,0.0,0.0,0.0,1.0,0.0,7.0
28.482090426875473,0.067482945,0.023350629,0.149259649,0.653976048,2.0,0.0,0.0,1.0,0.0,6.0
25.642063581339535,0.405120384,0.378401114,0.613927221,0.065953114,1.0,0.0,0.0,0.0,0.0,5.0
25.63678799355316,0.511102082,0.409052887,0.618928979,0.199663222,1.0,0.0,0.0,0.0,0.0,5.0
30.250509648050166,0.277910145,0.125488211,0.370865732,0.548458339,48.0,0.0,0.0,1.0,0.0,5.0
30.62076046774613,0.204405808,0.094877895,0.324450683,0.535836624,46.0,0.0,0.0,1.0,0.0,5.0
26.687094506806964,0.092349795,0.087145555,0.367283916,0.056352745,38.0,0.0,0.0,0.0,0.0,4.0
26.793294306556216,0.101208403,0.095370874,0.348089089,0.057677237,39.0,0.0,0.0,0.0,0.0,4.0
26.82383812010413,0.156162228,0.091787179,0.068347937,0.412231878,23.0,40.0,0.0,0.0,0.0,5.0
26.87191360393765,0.160284703,0.096912382,0.069512459,0.39537348,24.0,40.0,0.0,0.0,0.0,5.0
27.68594481242445,0.011331593,0.008502653,0.021787365,0.249651667,23.0,0.0,0.0,1.0,0.0,7.0
27.976990964250835,0.037289951,0.021729412,0.035108466,0.417282221,20.0,0.0,0.0,1.0,0.0,7.0
28.061263385898222,0.076596828,0.046752644,0.0715876,0.389629495,64.0,0.0,0.0,1.0,0.0,7.0
27.467313244625377,0.025180223,0.021498588,0.031186713,0.146211381,2.0,0.0,0.0,1.0,0.0,5.0
29.18351823789984,0.12857911,0.052654211,0.087399273,0.590491717,35.0,0.0,0.0,0.0,0.0,9.0
29.362227002483497,0.086146435,0.037461266,0.068439986,0.56514433,49.0,0.0,0.0,0.0,0.0,9.0
27.581670144536137,0.107619237,0.069082757,0.147509544,0.358082759,0.0,0.0,0.0,0.0,0.0,5.0
26.83299552570123,0.291655903,0.206266529,0.283242384,0.292774373,0.0,0.0,0.0,1.0,0.0,5.0
30.884850871860273,0.052117547,0.018155454,0.040187758,0.651643729,7.0,0.0,0.0,0.0,1.0,4.0
31.097153814994222,0.059762813,0.02173906,0.044099818,0.636244366,3.0,0.0,0.0,0.0,1.0,5.0
31.02408887490869,0.218883249,0.108679945,0.139315485,0.503479842,49.0,6.0,0.0,0.0,0.0,7.0
31.13940334813722,0.232849583,0.117137407,0.141130353,0.496939588,49.0,6.0,0.0,0.0,0.0,7.0
29.2734430258809,0.300100106,0.067292803,0.022731088,0.77576548,49.0,0.0,1.0,1.0,1.0,5.0
31.76801639953019,0.249825571,0.186995324,0.154852106,0.251496461,3.0,96.0,0.0,0.0,0.0,6.0
31.761035221563024,0.243592095,0.194370107,0.16113128,0.202067264,4.0,96.0,0.0,0.0,0.0,6.0
30.478630340268495,0.161140999,0.074419737,0.093690826,0.538168904,12.0,0.0,0.0,1.0,0.0,6.0
27.641634593188158,0.316342483,0.119127905,0.059050959,0.623424065,12.0,0.0,0.0,0.0,0.0,7.0
27.659598854560254,0.216060402,0.101506331,0.059761296,0.530192713,14.0,0.0,0.0,0.0,0.0,7.0
29.945524898316123,0.093428462,0.060629947,0.2321566,0.35105584,49.0,0.0,0.0,0.0,0.0,11.0
31.994336277780622,0.075763343,0.048822039,0.193564936,0.355598151,0.0,97.0,0.0,0.0,0.0,7.0
31.50454027119573,0.00037145,0.000129791,0.001158904,0.650585932,2.0,0.0,0.0,0.0,0.0,7.0
31.285115007054262,-0.107610299,-0.046820682,-0.871526038,0.564905196,2.0,0.0,0.0,0.0,0.0,7.0
28.135414094524,0.130382873,0.095952246,0.150714232,0.264075049,23.0,0.0,0.0,0.0,0.0,4.0
28.233991916155706,0.105795103,0.07263261,0.119700071,0.313460718,20.0,0.0,0.0,0.0,0.0,6.0
27.433059082061494,0.048425765,0.041442346,0.071413686,0.144208747,7.0,0.0,0.0,0.0,0.0,7.0
27.42263316333604,0.029545733,0.02507329,0.053997542,0.151373582,7.0,0.0,0.0,0.0,0.0,7.0
27.75921202351479,0.00637083,0.005881573,0.04096108,0.076793674,0.0,0.0,0.0,0.0,0.0,4.0
30.447704471758808,0.102425652,0.024255351,0.021794064,0.763188269,23.0,0.0,0.0,1.0,0.0,8.0
26.423468578663893,0.106652093,0.061793194,0.08066181,0.420609645,3.0,0.0,0.0,0.0,0.0,5.0
26.58980754555829,0.093133807,0.051299757,0.061933881,0.449182213,6.0,0.0,0.0,0.0,0.0,5.0
26.247239594979636,0.163630691,0.140459323,0.313868522,0.141606287,2.0,49.0,0.0,0.0,0.0,7.0
25.90715951889448,0.040967456,0.034778333,0.069520998,0.151077609,0.0,47.0,0.0,0.0,0.0,7.0
27.642850867682125,0.107144954,0.041580268,0.042833527,0.611929044,0.0,0.0,0.0,0.0,1.0,7.0
27.7706091301356,0.094684231,0.035528738,0.038956861,0.624762567,0.0,0.0,0.0,0.0,1.0,4.0
26.322335734135642,0.085176527,0.042254556,0.046506452,0.503921532,0.0,0.0,0.0,0.0,1.0,5.0
26.665821087789016,0.075334383,0.041760469,0.043205425,0.445665215,2.0,0.0,0.0,0.0,1.0,5.0
28.45574027070596,0.074801502,0.019821854,0.009277207,0.73500377,1.0,0.0,0.0,0.0,0.0,5.0
27.511592101391848,0.233982448,0.110638902,0.025656999,0.527148712,0.0,0.0,0.0,0.0,0.0,5.0
27.583555224522748,0.032279855,0.011955261,0.002536972,0.629637086,2.0,0.0,0.0,0.0,0.0,5.0
26.291316404382687,0.046048182,0.04362203,0.091969967,0.052688314,18.0,0.0,0.0,0.0,0.0,5.0
26.248838290848372,0.050732314,0.047387818,0.095776012,0.065922787,20.0,0.0,0.0,0.0,0.0,5.0
31.049783328770175,-0.061457582,-0.021489702,-0.177888487,0.65033277,1.0,0.0,0.0,0.0,1.0,7.0
30.778637216224375,-0.251017925,-0.104997745,-1.349915506,0.581710015,0.0,0.0,0.0,0.0,1.0,7.0
28.148570087255045,0.020268868,0.011359099,0.010989256,0.439581384,3.0,74.0,0.0,0.0,0.0,5.0
28.056314994782,0.021530825,0.013414422,0.012418756,0.376967922,1.0,71.0,0.0,0.0,0.0,5.0
25.72537824756822,0.16332658,0.132157402,0.101463325,0.19083602,0.0,56.0,0.0,0.0,0.0,5.0
25.69718182010601,0.109315629,0.087134518,0.068779844,0.202903638,0.0,56.0,0.0,0.0,0.0,5.0
31.990584837882757,0.21171679,0.10994912,0.154030965,0.480678317,39.0,0.0,0.0,0.0,0.0,9.0
32.253795435864994,0.158585252,0.074460089,0.119045936,0.530472803,38.0,0.0,0.0,0.0,0.0,9.0
29.53513111365275,0.009590686,0.00618146,0.063234051,0.355472538,4.0,0.0,0.0,1.0,0.0,7.0
30.687603868144336,0.07942457,0.019250522,0.011880063,0.757626513,16.0,0.0,0.0,0.0,0.0,6.0
30.4774061546196,0.066085131,0.020979019,0.012890122,0.682550188,18.0,0.0,0.0,0.0,0.0,6.0
27.05118833485928,0.164178481,0.072952871,0.016684987,0.555649009,2.0,24.0,0.0,1.0,0.0,7.0
26.890056697752602,0.148247556,0.081656924,0.020757346,0.449185363,1.0,24.0,0.0,1.0,0.0,7.0
23.72866185692584,0.016545645,0.016071638,0.039526171,0.028648455,0.0,23.0,0.0,0.0,0.0,5.0
27.318738926608535,0.172114459,0.097910083,0.152386135,0.431133887,0.0,0.0,0.0,1.0,0.0,5.0
30.01344274149735,0.020757328,0.006064051,0.057801935,0.707859774,27.0,0.0,0.0,0.0,0.0,6.0
31.967722140428876,0.136366861,0.033188978,0.025832323,0.756619916,10.0,86.0,0.0,0.0,0.0,5.0
26.797990985672353,0.142325444,0.1088284,0.116988794,0.235355278,6.0,0.0,0.0,1.0,0.0,5.0
26.612080081338245,0.042354673,0.036178945,0.104645569,0.145809013,7.0,0.0,0.0,1.0,0.0,4.0
29.520761437961152,0.241634358,0.097287255,0.101528415,0.597378223,2.0,0.0,0.0,0.0,0.0,9.0
29.64506643541707,0.112733322,0.043498092,0.042157405,0.614150532,1.0,0.0,0.0,0.0,0.0,3.0
27.96010901243895,0.082258914,0.020927575,0.07690165,0.745585378,7.0,0.0,0.0,1.0,0.0,5.0
29.727590141268976,0.134153658,0.028628689,0.187018679,0.786596545,3.0,0.0,0.0,0.0,0.0,7.0
29.652214974259163,0.155233443,0.037687765,0.177796252,0.757218778,2.0,0.0,0.0,0.0,0.0,7.0
28.204398914351504,0.092172058,0.078164295,0.117049847,0.151970692,48.0,0.0,0.0,0.0,1.0,8.0
27.205998500479854,0.170984437,0.117380866,0.065892434,0.313499706,15.0,0.0,0.0,1.0,0.0,5.0
30.20254114684967,0.007970812,0.00632697,0.169300791,0.206234286,3.0,0.0,1.0,1.0,1.0,3.0
30.21883026292066,0.019476273,0.015511932,0.157909319,0.203547208,2.0,0.0,1.0,1.0,1.0,4.0
28.884874917820202,0.051782322,0.023522855,0.132588589,0.545735797,6.0,16.0,0.0,1.0,0.0,5.0
29.048416778346787,0.062714008,0.027519412,0.2517425,0.561191946,0.0,16.0,0.0,1.0,0.0,5.0
26.865163447816705,0.139290354,0.096999186,0.101209434,0.303618785,17.0,0.0,1.0,0.0,0.0,7.0
26.947653954689883,0.074973687,0.047333827,0.061227736,0.368660802,17.0,0.0,1.0,0.0,0.0,7.0
27.277123739546564,0.02165352,0.016305591,0.018608592,0.246977336,48.0,0.0,0.0,0.0,1.0,4.0
27.181379957237507,0.005261845,0.004383473,0.005406371,0.1669324,47.0,0.0,0.0,0.0,1.0,5.0
30.458908537699998,0.082227955,0.047836804,0.32470797,0.418243375,19.0,0.0,0.0,0.0,1.0,5.0
30.4303126241277,0.100255272,0.063333536,0.32423339,0.368274813,27.0,0.0,0.0,0.0,1.0,5.0
30.11026174408992,0.025412812,0.017369638,0.028746108,0.316496539,21.0,0.0,0.0,0.0,0.0,9.0
29.956140396227173,0.117340822,0.07915535,0.277581088,0.325423596,47.0,0.0,1.0,0.0,1.0,5.0
27.626198505815577,0.007054122,0.004256003,0.007774035,0.396664352,63.0,0.0,0.0,1.0,0.0,3.0
25.434407352007828,0.042230397,0.041200646,0.04354351,0.024386565,1.0,0.0,0.0,0.0,0.0,5.0
26.960026740009738,0.058284203,0.017578183,0.017700968,0.698403756,9.0,0.0,0.0,0.0,0.0,5.0
26.656423075193118,0.028694868,0.011995535,0.013582929,0.581964997,10.0,0.0,0.0,0.0,1.0,3.0
28.725832858327944,0.096545673,0.041054734,0.034412574,0.574760257,5.0,70.0,0.0,0.0,0.0,5.0
28.670109843057485,0.00194659,0.000852959,0.00084625,0.561818979,5.0,70.0,0.0,0.0,0.0,5.0
26.55571999829478,0.211537027,0.161544242,0.103448311,0.236329182,6.0,0.0,0.0,0.0,0.0,7.0
26.71348460839803,0.180236394,0.153307993,0.103995942,0.149405221,6.0,0.0,0.0,0.0,0.0,6.0
29.073130906154624,0.124142451,0.043219351,0.073072172,0.651856791,28.0,0.0,0.0,0.0,0.0,5.0
29.18256081152417,0.122066967,0.041062532,0.076396835,0.663604402,31.0,0.0,0.0,0.0,0.0,4.0
29.213932284781908,0.235060676,0.124080171,0.351470374,0.472135565,4.0,0.0,0.0,0.0,0.0,5.0
29.39720462419558,0.193172336,0.103151925,0.768924775,0.466012595,1.0,0.0,0.0,0.0,0.0,5.0
26.37506706132942,0.084839106,0.027905039,0.020932895,0.671082569,4.0,0.0,1.0,0.0,1.0,4.0
27.697183318182216,0.002290425,0.000737389,0.001493696,0.678055972,0.0,0.0,0.0,1.0,0.0,5.0
27.70607292823927,4.30939e-05,1.37372e-05,3.07287e-05,0.681224372,0.0,0.0,0.0,1.0,0.0,5.0
28.512173669750744,0.147712347,0.047386149,0.097539655,0.679199397,1.0,0.0,0.0,0.0,1.0,4.0
27.03530187114393,0.184299548,0.121842824,0.075804712,0.338887014,27.0,0.0,0.0,1.0,0.0,5.0
27.182071095880627,0.186884304,0.122274775,0.103024078,0.345719398,25.0,0.0,0.0,1.0,0.0,5.0
28.381006936984175,0.153430808,0.083127772,0.409024245,0.458209139,17.0,49.0,0.0,0.0,0.0,6.0
28.435333929798645,0.119811447,0.06385091,0.238311281,0.467071709,11.0,49.0,0.0,0.0,0.0,6.0
27.382836641370854,0.312530173,0.189182226,0.063927014,0.394674039,23.0,51.0,0.0,0.0,0.0,5.0
27.31651172067967,0.004163055,0.001044739,0.001883127,0.749046425,0.0,0.0,0.0,1.0,0.0,5.0
25.126507132581466,0.092404989,0.079655414,0.071825437,0.137974967,1.0,0.0,0.0,0.0,0.0,5.0
26.31520012980923,0.051684431,0.027912837,0.042426766,0.459937224,0.0,0.0,0.0,0.0,0.0,6.0
26.126037808939497,0.029348788,0.00842082,0.004442319,0.713081195,1.0,0.0,0.0,1.0,0.0,4.0
26.21374369879906,0.02605959,0.006955215,0.00424551,0.733101459,1.0,0.0,0.0,1.0,0.0,4.0
28.555668830743084,0.396076781,0.146699299,0.093607166,0.62961626,2.0,0.0,0.0,0.0,0.0,4.0
28.573451218212146,0.36402965,0.175295864,0.101976991,0.51845718,8.0,0.0,0.0,0.0,0.0,6.0
31.798904202485446,0.164951863,0.087049115,0.147207732,0.472275645,40.0,0.0,0.0,1.0,0.0,5.0
27.87124201571035,0.070263133,0.037685791,0.045989801,0.463650091,7.0,0.0,0.0,1.0,0.0,7.0
27.142936608325897,0.050419684,0.016490364,0.013393215,0.672937972,3.0,0.0,0.0,1.0,0.0,5.0
29.263915755610032,0.074596383,0.030176393,0.135568779,0.595471089,34.0,0.0,0.0,1.0,0.0,7.0
29.36624197919606,0.160433884,0.061181656,1.049385181,0.618647027,12.0,0.0,0.0,0.0,0.0,5.0
27.13478685194251,0.195639838,0.092999289,0.050673684,0.524640328,21.0,51.0,0.0,0.0,1.0,5.0
27.080225565085268,0.262289877,0.140719237,0.070096494,0.463497262,1.0,36.0,0.0,0.0,1.0,5.0
25.95780172905803,0.153594507,0.145897674,0.261538394,0.05011086,8.0,0.0,0.0,0.0,0.0,5.0
26.318426929538596,0.277081866,0.253848342,0.401829986,0.083852548,8.0,0.0,0.0,0.0,0.0,5.0
29.725600007637297,0.019296887,0.007059146,0.003870868,0.634182137,43.0,0.0,0.0,0.0,0.0,5.0
29.718475469118243,0.015689989,0.005869494,0.003887205,0.625907078,38.0,0.0,0.0,0.0,0.0,4.0
29.890113985846458,0.192855047,0.092663039,0.254969091,0.448059408,49.0,0.0,0.0,0.0,0.0,9.0
30.020187493435714,0.162464738,0.092372804,0.395612898,0.431427681,49.0,0.0,0.0,0.0,0.0,9.0
26.943084337616483,0.35200536,0.143485333,0.408031062,0.59237742,7.0,0.0,0.0,1.0,0.0,5.0
27.47535161661202,0.214655988,0.10552741,0.169555566,0.508388231,24.0,0.0,0.0,1.0,1.0,5.0
28.07647587225287,0.240076383,0.161863951,0.157409461,0.325778248,10.0,0.0,1.0,1.0,1.0,7.0
28.20069472540374,0.183823034,0.117361641,0.136625506,0.361552648,11.0,0.0,1.0,1.0,1.0,7.0
31.878261284988916,0.15968006,0.046731043,0.213668053,0.707345785,7.0,0.0,0.0,0.0,0.0,5.0
32.13059964843741,0.138477828,0.037645589,0.309881987,0.728148283,7.0,0.0,0.0,0.0,0.0,5.0
28.77146928496091,0.026001916,0.010041531,0.026701248,0.613815745,0.0,0.0,0.0,0.0,0.0,5.0
27.796560977811758,0.147236364,0.085802056,0.102334772,0.417250409,5.0,0.0,0.0,0.0,0.0,5.0
28.452038067335913,0.2632761,0.069474791,0.053247747,0.736115205,28.0,51.0,0.0,0.0,0.0,5.0
28.540383904930003,0.249379525,0.067141545,0.054139507,0.730769231,25.0,51.0,0.0,0.0,0.0,5.0
30.007284088599803,0.073545497,0.041987533,0.057851387,0.429089794,44.0,0.0,0.0,0.0,1.0,9.0
25.633609229710366,0.155490913,0.071166794,0.040812406,0.542309974,2.0,0.0,0.0,0.0,0.0,5.0
25.655867514903566,0.086758328,0.03851336,0.023882146,0.556084581,1.0,0.0,0.0,0.0,0.0,5.0
29.51762247351142,0.149852557,0.074489572,0.096648389,0.502914243,36.0,0.0,0.0,1.0,0.0,5.0
29.749115902089464,0.101889422,0.04527316,0.064406794,0.55566379,39.0,0.0,0.0,1.0,0.0,5.0
26.37292294049352,0.01926404,0.01756847,0.019232058,0.088017106,1.0,0.0,0.0,0.0,0.0,5.0
26.45001260223637,0.067644972,0.061045285,0.053123389,0.097563349,2.0,0.0,1.0,0.0,0.0,5.0
27.46377101205487,0.236764088,0.131312737,0.166670668,0.44538575,0.0,0.0,0.0,0.0,0.0,5.0
27.563701130102064,0.243125031,0.146085768,0.184178019,0.399133166,0.0,0.0,0.0,0.0,0.0,5.0
30.03412100301246,0.183196123,0.058179771,0.29953625,0.682420822,6.0,0.0,0.0,1.0,0.0,7.0
28.716595445254153,0.17125806,0.078933451,0.029280787,0.539096429,26.0,0.0,0.0,0.0,0.0,5.0
28.542773565359695,0.114775825,0.04405468,0.016675995,0.616170018,10.0,0.0,0.0,0.0,0.0,5.0
28.402142712875325,0.075637453,0.034340794,0.011632978,0.545978846,10.0,0.0,1.0,0.0,0.0,5.0
28.526096382921367,0.165007273,0.02787545,0.021598826,0.831065732,0.0,0.0,0.0,0.0,0.0,5.0
28.50744772770756,0.165965794,0.031707944,0.020476893,0.808949756,0.0,0.0,0.0,0.0,0.0,5.0
27.075166744986298,0.084539774,0.050358015,0.272512815,0.404327542,0.0,74.0,0.0,0.0,0.0,6.0
27.052626606326623,0.052433776,0.033042747,0.188369088,0.369819436,0.0,74.0,0.0,0.0,0.0,6.0
26.690844883161727,-0.269110629,-0.077223428,-0.01996155,0.713042076,1.0,0.0,0.0,0.0,0.0,5.0
26.41664437788722,0.056393777,0.02256017,0.007345234,0.599949477,1.0,0.0,0.0,0.0,0.0,5.0
29.127162662533365,0.109820476,0.032515685,0.023565393,0.703921889,3.0,0.0,0.0,0.0,0.0,7.0
27.13941134603369,0.22810936,0.097133539,0.114413583,0.574179952,15.0,0.0,0.0,1.0,0.0,5.0
27.632949255871438,0.122054256,0.049879214,0.04759343,0.59133173,10.0,0.0,0.0,1.0,0.0,5.0
31.659425285961976,0.176123702,0.072066824,0.02109122,0.590817002,11.0,85.0,0.0,0.0,0.0,7.0
27.907720599932563,0.183508993,0.066112748,0.071976083,0.639730961,1.0,0.0,0.0,0.0,1.0,3.0
28.02504771973587,0.110275403,0.041882701,0.045694309,0.620196367,1.0,0.0,0.0,0.0,1.0,3.0
29.493223515910376,0.256316437,0.149104988,0.065878554,0.418276146,49.0,0.0,1.0,0.0,0.0,8.0
29.783127446016092,0.2608367,0.138780141,0.070227697,0.467943592,49.0,0.0,1.0,0.0,0.0,9.0
31.650924060599902,0.096745433,0.051258715,0.080705201,0.470169151,14.0,80.0,0.0,0.0,0.0,6.0
26.88299104819999,0.075976918,0.029669008,0.065779207,0.60949761,36.0,0.0,0.0,0.0,0.0,5.0
26.044004946929178,0.15485367,0.09090967,0.008810041,0.412930979,0.0,0.0,0.0,0.0,0.0,4.0
26.126096360245096,0.14250175,0.082803944,0.008835684,0.418923633,0.0,0.0,0.0,0.0,0.0,5.0
28.854572993152477,0.240719735,0.117617173,0.08472199,0.511393723,15.0,0.0,0.0,0.0,0.0,8.0
29.096286071752658,0.24751994,0.105529155,0.082319603,0.573656233,23.0,0.0,0.0,0.0,0.0,8.0
28.30301615901293,0.013218432,0.006136782,0.004875691,0.535737996,16.0,36.0,0.0,0.0,0.0,5.0
28.204686318446456,0.04522119,0.022270333,0.017449954,0.507522144,13.0,36.0,0.0,0.0,0.0,5.0
29.953624499236344,0.151777779,0.076461057,0.103690101,0.496233165,33.0,51.0,0.0,0.0,0.0,7.0
30.028670904052568,0.144208105,0.074625954,0.105780467,0.482512071,32.0,51.0,0.0,0.0,0.0,6.0
28.067920289526242,-0.242930505,-0.11258673,-0.12177811,0.536546289,49.0,0.0,1.0,1.0,1.0,4.0
30.030469727126466,0.024179979,0.009172287,0.138015054,0.620669686,1.0,0.0,1.0,1.0,1.0,4.0
30.064581838364962,0.013680295,0.005131257,0.068136861,0.624914469,0.0,0.0,1.0,1.0,1.0,4.0
28.20328796917263,0.022133786,0.006824959,0.007793997,0.69164579,1.0,0.0,0.0,1.0,0.0,5.0
28.451514349277897,0.107329964,0.030855581,0.035196543,0.712517939,0.0,0.0,0.0,0.0,0.0,5.0
30.371841784827733,0.189835794,0.121599773,0.369513689,0.359445022,49.0,5.0,1.0,1.0,1.0,5.0
29.996534058625066,0.029380396,0.016668764,0.036673037,0.432653176,4.0,0.0,0.0,0.0,0.0,6.0
27.746864493886825,0.2737078,0.11693682,0.426999727,0.572769455,0.0,0.0,0.0,0.0,0.0,5.0
30.92546812764382,0.267488369,0.199171071,0.141695977,0.255400278,63.0,36.0,0.0,0.0,0.0,7.0
26.01207312571567,0.31766866,0.203252653,0.039816642,0.360177108,4.0,0.0,0.0,0.0,1.0,5.0
26.078776061185646,0.305162021,0.198276347,0.039482627,0.350258025,4.0,0.0,0.0,0.0,1.0,5.0
29.28178137768456,0.035139584,0.019457142,0.03552869,0.446289921,2.0,0.0,0.0,0.0,0.0,5.0
26.95608117306024,0.070789272,0.035608942,0.025671768,0.496970661,49.0,0.0,0.0,0.0,0.0,6.0
26.96771231017658,0.093465628,0.049248423,0.029143669,0.473085196,49.0,0.0,0.0,0.0,0.0,8.0
27.908880099431567,0.12661588,0.072969989,0.379289847,0.423687798,0.0,39.0,0.0,0.0,0.0,5.0
27.867775616581802,0.125626917,0.077339675,0.386611418,0.384372558,0.0,39.0,0.0,0.0,0.0,5.0
30.449019294178285,0.044558263,0.015486374,0.023883444,0.652446053,11.0,0.0,0.0,0.0,0.0,6.0
30.01439325489225,0.049073814,0.020296825,0.07513513,0.58640028,2.0,0.0,0.0,0.0,0.0,6.0
30.018397623618334,0.05867399,0.025537947,0.269753224,0.564746576,2.0,0.0,0.0,0.0,0.0,5.0
27.925226862867575,0.086050057,0.011182609,0.018894406,0.870050519,4.0,0.0,0.0,0.0,0.0,5.0
24.868077496277397,0.171908337,0.101158153,0.044308815,0.411557611,24.0,0.0,0.0,1.0,0.0,5.0
26.64453857984904,0.167388377,0.099399839,0.066907851,0.406172396,27.0,43.0,1.0,0.0,0.0,5.0
26.404369752776965,0.150646789,0.108076035,0.022189245,0.282588192,1.0,20.0,0.0,0.0,0.0,5.0
25.353470040654145,0.086584513,0.058409681,0.032348516,0.325403565,2.0,0.0,0.0,0.0,0.0,5.0
28.30720014825834,0.192422242,0.065516821,0.342233474,0.659516363,0.0,0.0,0.0,1.0,0.0,6.0
28.37035507478781,0.129904382,0.042985094,0.742101658,0.669101569,0.0,0.0,0.0,1.0,0.0,7.0
25.498381308660402,0.335089131,0.216809742,0.10405477,0.352980254,2.0,0.0,0.0,0.0,0.0,5.0
28.89218300029089,0.096870829,0.030637027,0.0241052,0.683733199,1.0,0.0,0.0,1.0,0.0,6.0
29.0325094616306,0.082956524,0.026038353,0.021998294,0.686120495,1.0,0.0,0.0,0.0,0.0,6.0
28.469255166672223,0.151927502,0.081095283,0.302791759,0.466219489,5.0,49.0,0.0,0.0,0.0,5.0
27.39812390192072,0.166940578,0.053267538,0.101543856,0.680919172,0.0,0.0,0.0,0.0,0.0,3.0
27.891637700246225,0.054885007,0.036751465,0.087688762,0.330395383,0.0,0.0,0.0,0.0,0.0,5.0
27.833904815435382,0.006018151,0.004235355,0.007790991,0.29623652,1.0,0.0,0.0,1.0,0.0,5.0
29.495409726283302,0.050429404,0.017601546,0.243141864,0.650968151,10.0,0.0,0.0,0.0,0.0,5.0
29.52607396576217,0.047971404,0.016117783,0.154075168,0.664012686,9.0,0.0,0.0,0.0,0.0,5.0
27.506197981831647,0.150852963,0.147482646,0.294204327,0.022341712,44.0,0.0,1.0,0.0,0.0,7.0
27.558156831612855,0.110875444,0.108741598,0.223601825,0.0192461,46.0,0.0,1.0,0.0,0.0,7.0
27.97144268651094,0.24244338,0.082483601,0.192989494,0.659779871,0.0,0.0,0.0,0.0,0.0,5.0
27.894676853777476,0.125457554,0.048581069,0.072053386,0.61277042,2.0,0.0,0.0,0.0,0.0,5.0
26.966095922140283,0.09575925,0.040141423,0.049811362,0.580808925,0.0,0.0,0.0,0.0,0.0,5.0
26.898765055961697,0.066199469,0.030127578,0.11447156,0.544899058,0.0,0.0,0.0,0.0,0.0,5.0
27.45525601850384,0.315813218,0.166909271,0.091048377,0.471493714,8.0,5.0,0.0,0.0,0.0,5.0
27.40471632315167,0.43864113,0.259623186,0.137644181,0.408118123,9.0,5.0,0.0,0.0,0.0,5.0
29.25696013319501,0.129840336,0.033067818,0.010208122,0.745317409,34.0,0.0,1.0,0.0,0.0,6.0
29.255605735625895,0.074883582,0.019662525,0.00592855,0.737425413,33.0,0.0,1.0,0.0,0.0,6.0
26.090367386540816,0.145023544,0.058859947,0.02746372,0.594134643,30.0,0.0,0.0,0.0,0.0,5.0
26.08727262459251,-0.117030504,-0.040330765,-0.037320216,0.655382786,30.0,0.0,0.0,0.0,0.0,5.0
27.603527609494623,0.01440464,0.011079056,0.027586233,0.230868935,3.0,0.0,0.0,0.0,0.0,5.0
27.65313479617366,0.011830164,0.008762255,0.018190082,0.259334285,3.0,0.0,0.0,0.0,0.0,5.0
25.88644480604335,0.794058657,0.600478483,0.267716797,0.243788391,12.0,0.0,0.0,1.0,0.0,5.0
26.656727790465553,0.201376327,0.193448973,0.249695847,0.03936546,3.0,0.0,0.0,1.0,0.0,4.0
27.416349079786123,0.108482352,0.051274337,0.044663878,0.527348582,0.0,36.0,0.0,0.0,0.0,6.0
28.12193582653566,0.164760032,0.051094458,0.048186976,0.689890501,27.0,0.0,0.0,0.0,0.0,6.0
26.890161590143595,0.26673172,0.194003593,0.151951328,0.272663959,1.0,0.0,1.0,0.0,0.0,5.0
26.88432968843452,0.224360591,0.155795341,0.120749122,0.305600803,1.0,0.0,1.0,0.0,0.0,5.0
25.76863744531819,0.149864368,0.110044191,0.044400551,0.265707198,6.0,53.0,0.0,0.0,0.0,5.0
25.79413038059214,0.134340254,0.099716303,0.038762139,0.257733606,6.0,53.0,0.0,0.0,0.0,5.0
28.48430388809151,0.097193389,0.067214379,0.089562957,0.308446582,0.0,0.0,0.0,0.0,0.0,7.0
28.45320334569444,0.072268996,0.054018968,0.066967039,0.25252828,0.0,0.0,0.0,1.0,0.0,5.0
28.38216830053648,0.196195381,0.084150927,0.074075674,0.571087509,8.0,0.0,0.0,1.0,0.0,7.0
28.359183061645393,0.197967908,0.103522477,0.096197812,0.477076383,9.0,0.0,0.0,1.0,0.0,7.0
26.16592594233062,0.004443493,0.004242892,0.030498711,0.045143685,0.0,0.0,0.0,1.0,0.0,4.0
28.100549632326047,0.188388249,0.06819927,0.298925898,0.637984293,16.0,6.0,0.0,0.0,0.0,7.0
28.123910848960985,0.145644913,0.062888506,0.277457816,0.568206641,10.0,6.0,0.0,0.0,0.0,7.0
28.341801906499832,0.173660127,0.053471738,0.024688911,0.692092671,1.0,0.0,1.0,0.0,0.0,5.0
28.179859030692093,0.201441168,0.078686953,0.032887513,0.609378249,1.0,0.0,1.0,0.0,0.0,5.0
27.637013127914543,0.232097569,0.204319043,0.518959793,0.119682707,0.0,0.0,0.0,0.0,0.0,5.0
27.69387384191161,0.128720684,0.09381112,0.104981864,0.271207753,14.0,51.0,0.0,0.0,0.0,5.0
28.808854236160993,0.204039486,0.080200041,0.07111832,0.606938623,49.0,0.0,1.0,0.0,0.0,5.0
28.703563176863472,0.152144506,0.074191529,0.059504692,0.512364856,49.0,0.0,1.0,0.0,0.0,8.0
26.1457281812353,0.070633349,0.065035361,0.092917741,0.079251446,2.0,0.0,0.0,0.0,0.0,4.0
26.088592108220222,0.083132387,0.075988461,0.100877541,0.085936819,2.0,0.0,0.0,0.0,0.0,5.0
27.895452473255993,-0.247443247,-0.089689796,-0.086592208,0.637536175,49.0,0.0,0.0,0.0,0.0,6.0
27.6455057059295,0.017253059,0.00804763,0.007414141,0.533548527,49.0,0.0,0.0,0.0,0.0,6.0
29.542233337171567,0.102081962,0.018579174,0.074067807,0.81799748,2.0,0.0,0.0,0.0,0.0,7.0
29.30388067602918,0.069643827,0.033462603,0.045367394,0.519519914,30.0,6.0,0.0,0.0,0.0,5.0
26.245442498602944,0.195879047,0.082467929,0.072255686,0.578985446,0.0,0.0,0.0,1.0,0.0,5.0
26.654284808708184,0.131956928,0.051745025,0.022994871,0.607861624,3.0,51.0,0.0,0.0,0.0,6.0
26.97448740646442,0.005264134,0.002081818,0.002307877,0.604526016,32.0,0.0,0.0,0.0,1.0,7.0
26.911844079066274,0.080494121,0.034424801,0.031131578,0.572333538,32.0,0.0,1.0,0.0,0.0,7.0
27.603101978701314,0.224732762,0.080736915,0.082068624,0.640742565,0.0,0.0,0.0,0.0,0.0,5.0
27.847736047877632,0.270635042,0.08697413,0.083411323,0.678630263,0.0,0.0,0.0,0.0,0.0,6.0
27.7537076652429,0.059604211,0.052713082,0.229430754,0.115613031,8.0,0.0,0.0,1.0,0.0,6.0
28.036159504002867,0.095564208,0.077583344,0.382957082,0.188156131,17.0,0.0,0.0,1.0,0.0,5.0
27.485510833458488,0.071572711,0.014086458,0.009758565,0.803186746,0.0,0.0,0.0,0.0,0.0,5.0
27.241821504486236,0.005127418,0.001228123,0.001416224,0.760477805,0.0,0.0,0.0,0.0,0.0,5.0
28.78355640494128,0.144552494,0.07422502,0.101136545,0.486518582,49.0,0.0,0.0,0.0,0.0,7.0
28.828047852081585,0.115719304,0.068068369,0.096288604,0.411777323,49.0,0.0,0.0,0.0,0.0,7.0
27.159406589884995,0.339722733,0.180216476,0.19755945,0.469518938,0.0,0.0,0.0,1.0,0.0,4.0
28.18973935833332,0.238404438,0.076248978,0.02877947,0.68017021,5.0,0.0,0.0,0.0,0.0,5.0
28.73872858443385,0.215718277,0.076009196,0.049891592,0.647646008,12.0,0.0,0.0,1.0,0.0,9.0
27.219100717192408,0.091974123,0.045507666,0.042236044,0.505213798,2.0,0.0,1.0,1.0,1.0,5.0
27.225103405411364,0.062782928,0.031635628,0.026990049,0.496112491,2.0,0.0,1.0,0.0,0.0,9.0
27.32658887269139,0.024856886,0.005128383,0.004847059,0.793683614,1.0,0.0,0.0,0.0,0.0,5.0
27.419052392989073,0.014184911,0.003729941,0.00333416,0.737048666,0.0,0.0,0.0,0.0,0.0,4.0
28.29192399151025,0.077827447,0.061943983,0.339727215,0.204083055,8.0,0.0,0.0,0.0,0.0,5.0
28.308043995846514,0.054444989,0.042354832,0.249734801,0.22206188,8.0,0.0,0.0,0.0,0.0,5.0
28.33652167829459,0.036694298,0.004885953,0.006292131,0.866845115,2.0,0.0,0.0,1.0,0.0,5.0
27.840301009303584,0.061730624,0.026770718,0.063610782,0.566332465,1.0,0.0,0.0,0.0,0.0,5.0
26.185414022089294,0.128897831,0.063952972,0.037832025,0.503847574,7.0,0.0,0.0,0.0,0.0,5.0
26.025913812854895,0.126234762,0.075015756,0.038952793,0.405743625,6.0,0.0,0.0,0.0,0.0,5.0
28.6535403866194,-40.8205985,-0.28944065,-0.770084693,0.99290696,7.0,0.0,0.0,0.0,0.0,5.0
28.394458992103928,1.586805924,-0.467268507,-1.391446391,1.29447158,7.0,0.0,0.0,0.0,0.0,5.0
28.416150216503063,0.322023424,0.102661571,0.122311755,0.681199805,14.0,51.0,0.0,1.0,0.0,5.0
28.478643209460788,0.27401075,0.109310695,0.076814531,0.601073652,14.0,51.0,0.0,1.0,0.0,5.0
26.318449224094266,0.137435106,0.093714598,0.101917139,0.318117574,0.0,72.0,0.0,1.0,0.0,4.0
26.398775715176953,0.096210907,0.057900995,0.081790572,0.398183358,0.0,72.0,0.0,1.0,0.0,4.0
28.104207175865582,0.139240747,0.063855212,0.043949984,0.541403028,0.0,0.0,0.0,1.0,0.0,5.0
28.12033092573176,0.153322067,0.055056514,0.041622507,0.640912463,0.0,0.0,0.0,1.0,0.0,5.0
27.776592239247766,0.011188634,0.003970558,0.009758113,0.645129247,0.0,68.0,0.0,0.0,0.0,4.0
27.69409919614124,0.009793397,0.003776468,0.010012829,0.614390063,0.0,68.0,0.0,0.0,0.0,4.0
26.850141571257485,0.190494674,0.109955051,0.019790907,0.42279199,19.0,0.0,1.0,0.0,0.0,5.0
26.910210815185895,0.249586106,0.05731893,0.0299291,0.770344068,3.0,51.0,0.0,0.0,0.0,5.0
27.997890915277328,0.00521419,0.000630807,0.000847266,0.879019685,3.0,0.0,0.0,0.0,0.0,5.0
27.34036663023026,0.082425991,0.017152323,0.012455389,0.791905041,0.0,0.0,0.0,0.0,0.0,5.0
27.420616084062527,0.089789995,0.017335519,0.013828955,0.806932624,0.0,0.0,0.0,0.0,0.0,5.0
28.42701365178065,0.454272959,0.287361502,0.185440503,0.367421864,1.0,0.0,0.0,0.0,0.0,6.0
28.43092633515597,0.47000215,0.304573254,0.218817414,0.351973865,1.0,0.0,0.0,0.0,0.0,6.0
30.631004341370076,0.079878292,0.031813674,0.065664783,0.601721666,11.0,21.0,0.0,0.0,0.0,7.0
29.11360926386184,0.411470217,0.255098959,0.248482838,0.38002829,2.0,0.0,0.0,0.0,0.0,5.0
26.300596560972465,0.087122045,0.063411759,0.054653618,0.272147863,1.0,0.0,0.0,1.0,0.0,5.0
27.135716088820285,0.12630845,0.085885435,0.10792775,0.320034133,1.0,0.0,0.0,0.0,0.0,5.0
27.219820591720847,0.104583129,0.067082214,0.071805407,0.358575192,0.0,0.0,0.0,0.0,0.0,5.0
24.5018498065593,0.018814934,0.006902828,0.007409393,0.633119706,7.0,0.0,0.0,0.0,0.0,5.0
24.47690487445717,0.057669503,0.02301976,0.015065695,0.600833041,6.0,0.0,0.0,0.0,0.0,5.0
27.98172024017019,0.07073158,0.031219949,0.006406713,0.558613721,6.0,0.0,0.0,0.0,0.0,8.0
29.51996930243433,0.241757701,0.178319251,0.149879117,0.262405084,34.0,0.0,1.0,0.0,0.0,5.0
25.882154455603843,0.081586642,0.051934333,0.062928818,0.363447681,49.0,0.0,0.0,1.0,0.0,7.0
32.91544744723715,0.375787684,0.123296373,0.471054818,0.671898845,15.0,0.0,1.0,0.0,0.0,6.0
33.293891314211436,0.062525489,0.021498052,0.050789046,0.656170349,9.0,0.0,0.0,0.0,0.0,9.0
27.448702759129475,0.05872405,0.033968066,0.032743073,0.421564651,0.0,0.0,0.0,0.0,0.0,5.0
31.296790579445002,0.380032767,0.136495489,0.099577619,0.640832314,23.0,0.0,1.0,0.0,1.0,6.0
31.519955621489288,0.255478836,0.077925573,0.075239759,0.694980229,20.0,0.0,1.0,0.0,1.0,7.0
27.187489588213904,0.00886648,0.003211941,0.002302721,0.637743352,17.0,0.0,0.0,0.0,0.0,5.0
27.077390630281755,0.008677268,0.003632622,0.002130163,0.58136343,15.0,0.0,0.0,0.0,0.0,5.0
27.336534612421083,0.099082426,0.045253175,0.02021609,0.543277479,4.0,0.0,0.0,1.0,0.0,7.0
27.297362118436716,0.055549013,0.027634606,0.01310164,0.502519901,4.0,0.0,0.0,1.0,0.0,7.0
26.593006154586735,0.11551061,0.068816087,0.025880809,0.404244445,9.0,0.0,0.0,0.0,0.0,5.0
31.25178499219234,0.388468068,0.27312457,0.194163453,0.296918865,59.0,36.0,1.0,0.0,0.0,10.0
28.631763284272154,0.053654614,0.032747599,0.042965873,0.389659229,25.0,0.0,0.0,0.0,1.0,7.0
28.59785285929642,0.06409901,0.041321874,0.054569286,0.355343779,21.0,8.0,0.0,0.0,1.0,9.0
28.420350822960526,0.187993479,0.026660869,0.026203539,0.858182859,2.0,0.0,0.0,0.0,0.0,5.0
28.36061593745954,0.139353041,0.070634546,0.207461142,0.493125193,13.0,0.0,0.0,0.0,1.0,6.0
28.20854417869095,0.029459651,0.016784173,0.183968765,0.430266836,14.0,0.0,0.0,1.0,0.0,5.0
31.286439438608948,0.084647115,0.06238364,0.264493997,0.263015172,31.0,0.0,1.0,0.0,1.0,9.0
31.210049431055992,0.105809264,0.079576826,0.308008415,0.247921381,33.0,0.0,1.0,0.0,1.0,6.0
28.503669212345674,0.138059882,0.11941761,0.159417097,0.13503326,38.0,0.0,0.0,0.0,0.0,9.0
26.869800640941037,0.088707189,0.03976133,0.034616532,0.551768801,8.0,0.0,0.0,0.0,0.0,5.0
26.528665830981605,0.077965475,0.048164261,0.044484419,0.382236034,8.0,62.0,0.0,0.0,0.0,5.0
27.007513797511955,0.119223421,0.021369619,0.017530031,0.820759205,12.0,47.0,0.0,1.0,0.0,5.0
26.04603188389676,0.01832967,0.005348778,0.004835116,0.708187363,0.0,50.0,1.0,0.0,0.0,5.0
25.81599711391857,-0.262059744,-0.076264625,-0.094594601,0.708979697,0.0,50.0,1.0,0.0,0.0,5.0
28.304863145430488,0.104705535,0.083141669,0.097283756,0.205944662,45.0,0.0,0.0,0.0,0.0,8.0
28.04676653344427,-0.374856544,-0.252597163,-0.263591294,0.326149786,32.0,0.0,0.0,0.0,0.0,8.0
